source_airport,destination_airport
AAL,BCN
AAL,OSL
AAL,AAR
AAL,PMI
AAL,LGW
AAL,CPH
AAL,ALC
AAL,SVG
AAL,BLL
AAL,AGP
AAL,ARN
AAL,AMS
AAR,STN
AAR,OSL
AAR,PMI
AAR,AGP
AAR,CPH
AAR,AAL
AAR,BMA
AAR,GOT
ABZ,BRS
ABZ,DUB
ABZ,CPH
ABZ,KSU
ABZ,FRA
ABZ,NWI
ABZ,LBA
ABZ,RIX
ABZ,WIC
ABZ,SYY
ABZ,NCL
ABZ,MME
ABZ,LHR
ABZ,HUY
ABZ,EMA
ABZ,CDG
ABZ,AMS
ABZ,BGO
ABZ,OSL
ABZ,LTN
ABZ,EBJ
ABZ,SVG
ABZ,LCY
ABZ,LGW
ABZ,BHD
ABZ,BHX
ABZ,KOI
ABZ,LSI
ABZ,MAN
ACH,EBA
ACH,VIE
ACI,GCI
ACI,SOU
ADA,ESB
ADA,ADB
ADA,AYT
ADA,SAW
ADA,TZX
ADA,VAN
ADB,BRU
ADB,SXB
ADB,NTE
ADB,LYS
ADB,HEL
ADB,HAJ
ADB,BRE
ADB,CPH
ADB,CGN
ADB,TXL
ADB,ARN
ADB,LUX
ADB,LGW
ADB,HAM
ADB,FRA
ADB,VIE
ADB,ADA
ADB,BHX
ADB,BSL
ADB,DIY
ADB,DUS
ADB,ESB
ADB,EZS
ADB,GNY
ADB,GZT
ADB,HTY
ADB,MQM
ADB,SAW
ADB,STN
ADB,STR
ADB,TZX
ADB,VAS
ADB,ATH
ADB,ASR
ADB,AYT
ADB,ZRH
ADB,MUC
ADB,DTM
ADB,AMS
ADB,MAN
ADB,CDG
ADB,DUB
ADF,ESB
AES,ALC
AES,GDN
AES,LGW
AES,OSL
AES,VNO
AES,TRD
AES,RIX
AES,AMS
AES,BGO
AES,CPH
AGB,MRS
AGF,DCM
AGF,ORY
AGH,ARN
AGH,BMA
AGP,LIS
AGP,MAD
AGP,MLN
AGP,NTE
AGP,ORY
AGP,CDG
AGP,HAJ
AGP,LYS
AGP,KRK
AGP,VIE
AGP,AMS
AGP,AAL
AGP,ARN
AGP,BGO
AGP,CPH
AGP,GOT
AGP,OSL
AGP,RYG
AGP,LIL
AGP,EXT
AGP,BHD
AGP,TLS
AGP,MAN
AGP,MMX
AGP,FCO
AGP,HEL
AGP,MXP
AGP,BVE
AGP,LUX
AGP,AAR
AGP,BCN
AGP,BGY
AGP,SEN
AGP,SXF
AGP,BHX
AGP,CGN
AGP,DUS
AGP,LTN
AGP,HAM
AGP,MUC
AGP,SOF
AGP,PMI
AGP,SOU
AGP,RTM
AGP,LPL
AGP,BOD
AGP,SNN
AGP,ORK
AGP,DUB
AGP,SVG
AGP,VLC
AGP,OVD
AGP,IBZ
AGP,TRD
AGP,WAW
AGP,DTM
AGP,EDI
AGP,EIN
AGP,TRF
AGP,FKB
AGP,LCY
AGP,WRO
AGP,MRS
AGP,NOC
AGP,FMM
AGP,FMO
AGP,GSE
AGP,HAU
AGP,CRL
AGP,HHN
AGP,NUE
AGP,NYO
AGP,PIK
AGP,SCQ
AGP,SDR
AGP,VST
AGP,TSF
AGP,FRA
AGP,STN
AGP,PRG
AGP,TMP
AGP,LHR
AGP,LBA
AGP,NRN
AGP,CIA
AGP,EMA
AGP,BTS
AGP,CWL
AGP,BIO
AGP,NCL
AGP,GLA
AGP,BLK
AGP,BFS
AGP,LGW
AGP,BUD
AGP,ZRH
AGP,GVA
AGP,BLL
AGP,BLQ
AGP,BVA
AGP,TXL
AGP,STR
AGP,BSL
AGP,BRU
AGP,BRS
AGP,BRE
AGP,BOH
AHO,BLQ
AHO,BTS
AHO,BVA
AHO,BLL
AHO,BGY
AHO,AOI
AHO,CIA
AHO,DTM
AHO,GRO
AHO,NYO
AHO,NRN
AHO,CRL
AHO,FMM
AHO,EIN
AHO,DUB
AHO,CUF
AHO,MXP
AHO,LTN
AHO,HHN
AHO,GSE
AHO,PMF
AHO,MAD
AHO,PSA
AHO,TSF
AHO,LIN
AHO,TRN
AHO,FCO
AHO,STN
AHO,TRS
AHO,TRF
AHO,OTP
AJA,DCM
AJA,PIS
AJA,LGW
AJA,NTE
AJA,LIL
AJA,AVN
AJA,ARN
AJA,OSL
AJA,LGG
AJA,LYS
AJA,MRS
AJA,TLS
AJA,ORY
AJA,BVE
AJA,OLB
AJA,NCE
AJA,MPL
AJA,GVA
AJA,CDG
AJA,SXB
AJA,LUX
AJA,CFR
AJA,BOD
AJA,BSL
AJA,BES
AJI,ESB
AJR,LYC
ALC,OUL
ALC,VXO
ALC,WMI
ALC,KSD
ALC,WRO
ALC,DUB
ALC,ORK
ALC,LGW
ALC,BFS
ALC,BLK
ALC,UME
ALC,GLA
ALC,NCL
ALC,MOL
ALC,BHX
ALC,VST
ALC,TRF
ALC,TRD
ALC,TOS
ALC,TKU
ALC,SOU
ALC,EXT
ALC,SVG
ALC,RYG
ALC,OSL
ALC,RTM
ALC,PIK
ALC,STN
ALC,AMS
ALC,DUS
ALC,FRA
ALC,HAM
ALC,MUC
ALC,PMI
ALC,STR
ALC,TXL
ALC,ZRH
ALC,KIR
ALC,KRK
ALC,KTW
ALC,KUN
ALC,BSL
ALC,LTN
ALC,SEN
ALC,LBA
ALC,LPL
ALC,MAN
ALC,MST
ALC,NOC
ALC,NRN
ALC,NUE
ALC,NYO
ALC,SNN
ALC,TMP
ALC,GVA
ALC,SCQ
ALC,BIO
ALC,FCO
ALC,BLL
ALC,BGO
ALC,ARN
ALC,AES
ALC,AAL
ALC,CWL
ALC,MAD
ALC,BCN
ALC,EMA
ALC,EIN
ALC,BVA
ALC,BRU
ALC,BRS
ALC,BRE
ALC,BOH
ALC,IBZ
ALC,BLQ
ALC,BGY
ALC,FKB
ALC,FMM
ALC,ORY
ALC,HAU
ALC,CGN
ALC,GOT
ALC,EDI
ALC,CPH
ALC,CRL
ALC,HEL
ALC,EVE
ALC,GSE
ALC,KRS
ALC,HHN
ALF,VDS
ALF,KKN
ALF,LKL
ALF,TOS
ALF,OSL
ALF,SOJ
ALF,HFT
AMS,ADB
AMS,FRA
AMS,AGP
AMS,ALC
AMS,BLQ
AMS,ATH
AMS,KRK
AMS,AYT
AMS,BCN
AMS,BJV
AMS,BFS
AMS,SOF
AMS,BRI
AMS,BLL
AMS,BGO
AMS,AJA
AMS,BRE
AMS,NUE
AMS,CGN
AMS,DUS
AMS,CWL
AMS,KBP
AMS,GVA
AMS,EDI
AMS,LPI
AMS,LUX
AMS,MAD
AMS,MUC
AMS,BUD
AMS,CFE
AMS,SXB
AMS,NCL
AMS,BRU
AMS,OTP
AMS,ABZ
AMS,PRG
AMS,BRS
AMS,GOT
AMS,IBZ
AMS,STR
AMS,VXO
AMS,BEG
AMS,DUB
AMS,ORK
AMS,MSQ
AMS,LHR
AMS,ARN
AMS,LEJ
AMS,AES
AMS,AAL
AMS,LGW
AMS,DBV
AMS,WAW
AMS,ZAG
AMS,EMA
AMS,EXT
AMS,INV
AMS,CPH
AMS,CTA
AMS,LIN
AMS,PMO
AMS,SOU
AMS,ZRH
AMS,HEL
AMS,LIS
AMS,OPO
AMS,BHX
AMS,ZTH
AMS,VRN
AMS,VLC
AMS,TLL
AMS,CFU
AMS,CHQ
AMS,DLM
AMS,FNC
AMS,GRO
AMS,HER
AMS,FCO
AMS,INN
AMS,JKH
AMS,JMK
AMS,JTR
AMS,KGS
AMS,KIT
AMS,MLA
AMS,NAP
AMS,PMI
AMS,PSA
AMS,PVK
AMS,RHO
AMS,SAW
AMS,VIE
AMS,SKG
AMS,SMI
AMS,SUF
AMS,SVQ
AMS,TRN
AMS,BIO
AMS,FLR
AMS,LTN
AMS,HAM
AMS,STN
AMS,TLS
AMS,BRN
AMS,LPL
AMS,GCI
AMS,OSL
AMS,SVG
AMS,TRD
AMS,TRF
AMS,MAN
AMS,GDN
AMS,TXL
AMS,SXF
AMS,VCE
AMS,MXP
AMS,NCE
AMS,MRS
AMS,NTE
AMS,KYA
AMS,RIX
AMS,BOD
AMS,BSL
AMS,CDG
AMS,LCY
AMS,GLA
AMS,HAJ
AMS,LYS
AMS,KRS
AMS,HUY
AMS,MME
AMS,NWI
AMS,LJU
AMS,JER
AMS,ASR
AMS,LBA
AMS,SEN
ANG,FSC
ANR,LCY
ANX,BOO
ANX,EVE
ANX,TOS
AOE,BRU
AOI,FCO
AOI,CTA
AOI,TPS
AOI,STN
AOI,AHO
AOI,NRN
AOI,MUC
AOI,CRL
AOI,DUS
AOI,TXL
AOK,ATH
AOK,RHO
AOK,KSJ
ARN,HFS
ARN,VXO
ARN,WAW
ARN,TOS
ARN,LCY
ARN,ADB
ARN,TMP
ARN,GVA
ARN,HEL
ARN,EVG
ARN,ALC
ARN,DUB
ARN,MXX
ARN,KID
ARN,MSQ
ARN,VHM
ARN,TRD
ARN,LHR
ARN,AJA
ARN,AGP
ARN,VBY
ARN,LIN
ARN,TRF
ARN,AGH
ARN,RIX
ARN,BHX
ARN,BLL
ARN,ZRH
ARN,CGN
ARN,DUS
ARN,BLQ
ARN,GEV
ARN,BRU
ARN,KLR
ARN,VAA
ARN,HAM
ARN,VIE
ARN,TXL
ARN,HAD
ARN,JKG
ARN,KRF
ARN,KSD
ARN,LYC
ARN,MHQ
ARN,OER
ARN,POR
ARN,TKU
ARN,SAW
ARN,FRA
ARN,SVG
ARN,BCN
ARN,GOT
ARN,ATH
ARN,CDG
ARN,PUY
ARN,RNB
ARN,OLB
ARN,ORY
ARN,SDL
ARN,SFT
ARN,OSL
ARN,PMI
ARN,PMO
ARN,PRG
ARN,PSA
ARN,MAD
ARN,SJJ
ARN,SPU
ARN,SXF
ARN,UME
ARN,VCE
ARN,VNO
ARN,LIS
ARN,AMS
ARN,OUL
ARN,NCE
ARN,AAL
ARN,MMX
ARN,MLA
ARN,BEG
ARN,TLL
ARN,BGO
ARN,BUD
ARN,CHQ
ARN,SKG
ARN,KLX
ARN,CPH
ARN,CTA
ARN,MUC
ARN,EDI
ARN,DBV
ARN,LUX
ARN,KRK
ARN,KRN
ARN,LGW
ARN,MAN
ARN,LLA
ARN,OSD
ARN,FCO
ARW,BGY
ASR,AMS
ASR,ADB
ASR,SAW
ASR,DUS
ATH,ORY
ATH,AMS
ATH,LGW
ATH,SXF
ATH,HAM
ATH,EDI
ATH,EIN
ATH,MLO
ATH,TLS
ATH,IOA
ATH,JIK
ATH,JKH
ATH,JKL
ATH,JMK
ATH,JNX
ATH,JSI
ATH,JSY
ATH,JTR
ATH,JTY
ATH,KGS
ATH,KIT
ATH,KVA
ATH,STN
ATH,DBV
ATH,SPU
ATH,MLA
ATH,LRS
ATH,LXS
ATH,IEV
ATH,HER
ATH,ADB
ATH,SAW
ATH,KBP
ATH,KSO
ATH,RIX
ATH,ZRH
ATH,KIV
ATH,JSH
ATH,AOK
ATH,AXD
ATH,BCN
ATH,LYS
ATH,BEG
ATH,BUD
ATH,CDG
ATH,CFU
ATH,CHQ
ATH,DUS
ATH,EFL
ATH,FCO
ATH,FRA
ATH,GVA
ATH,BRU
ATH,MAD
ATH,LHR
ATH,MJT
ATH,PAS
ATH,PRG
ATH,MAN
ATH,RHO
ATH,SKG
ATH,SKU
ATH,SMI
ATH,STR
ATH,SOF
ATH,TXL
ATH,VIE
ATH,WAW
ATH,ZTH
ATH,CGN
ATH,VCE
ATH,DUB
ATH,TIA
ATH,HEL
ATH,BGY
ATH,MXP
ATH,OTP
ATH,NTE
ATH,CPH
ATH,OSL
ATH,ARN
ATH,MUC
ATH,MRS
AUR,ORY
AVN,LIG
AVN,AJA
AXD,ATH
AXD,JSH
AYT,LBA
AYT,LNZ
AYT,GRZ
AYT,LGW
AYT,SZG
AYT,BRU
AYT,VIE
AYT,TZX
AYT,BHX
AYT,GLA
AYT,ESB
AYT,BSL
AYT,ZQW
AYT,MAN
AYT,BGO
AYT,RLG
AYT,OSL
AYT,TRD
AYT,TRF
AYT,CGN
AYT,ADA
AYT,ADB
AYT,BLL
AYT,ZRH
AYT,CPH
AYT,BRE
AYT,SXF
AYT,HAJ
AYT,FRA
AYT,ERF
AYT,FDH
AYT,KSF
AYT,GVA
AYT,SAW
AYT,HEL
AYT,PAD
AYT,HAM
AYT,LEJ
AYT,MUC
AYT,EIN
AYT,DUS
AYT,NUE
AYT,PRG
AYT,DRS
AYT,RTM
AYT,GRQ
AYT,FMO
AYT,LUX
AYT,AMS
AYT,STR
AYT,BRS
AYT,LTN
AYT,ORY
AYT,TXL
BAL,ESB
BAL,SAW
BAY,OTP
BCN,STR
BCN,RTM
BCN,EIN
BCN,AMS
BCN,HAM
BCN,FCO
BCN,ARN
BCN,GOA
BCN,PMI
BCN,LEN
BCN,TSF
BCN,TRN
BCN,SVQ
BCN,STN
BCN,SDR
BCN,SCQ
BCN,RYG
BCN,PIK
BCN,OPO
BCN,SLM
BCN,SVG
BCN,LYS
BCN,LUX
BCN,LIS
BCN,LIL
BCN,LIN
BCN,HAJ
BCN,CPH
BCN,CGN
BCN,GRX
BCN,IEV
BCN,KBP
BCN,LCG
BCN,TSR
BCN,POZ
BCN,KTW
BCN,GDN
BCN,CLJ
BCN,ORK
BCN,DUB
BCN,LEI
BCN,LEJ
BCN,LHR
BCN,ZRH
BCN,ZAG
BCN,VGO
BCN,WAW
BCN,TRF
BCN,SXF
BCN,SOF
BCN,BJZ
BCN,VCE
BCN,TLS
BCN,OSL
BCN,GOT
BCN,VLL
BCN,BGO
BCN,ATH
BCN,DUS
BCN,VNO
BCN,PSA
BCN,XRY
BCN,NCE
BCN,NAP
BCN,MXP
BCN,MUC
BCN,MSQ
BCN,SAW
BCN,GVA
BCN,BSL
BCN,BRN
BCN,BVA
BCN,RIX
BCN,BUD
BCN,BRU
BCN,BLQ
BCN,BHX
BCN,BGY
BCN,MRS
BCN,HEL
BCN,CDG
BCN,MLA
BCN,MAD
BCN,SEN
BCN,NCL
BCN,LTN
BCN,BRS
BCN,BFS
BCN,TXL
BCN,VIE
BCN,AGP
BCN,CIA
BCN,WMI
BCN,FRA
BCN,EDI
BCN,NYO
BCN,RNS
BCN,MAN
BCN,MAH
BCN,LPL
BCN,RGS
BCN,PRG
BCN,PMO
BCN,LBA
BCN,GLA
BCN,OVD
BCN,OTP
BCN,ORY
BCN,NUE
BCN,CRL
BCN,NTE
BCN,EAS
BCN,EMA
BCN,IBZ
BCN,AAL
BCN,ALC
BCN,BES
BCN,LGW
BCN,BIO
BCN,BRI
BCN,CTA
BCN,CWL
BCN,DBV
BCN,DRS
BCN,DTM
BCN,BOD
BCN,FLR
BDS,MUC
BDS,ZRH
BDS,EIN
BDS,BVA
BDS,CIA
BDS,BSL
BDS,STN
BDS,LIN
BDS,FCO
BDS,BLQ
BDS,TRN
BDS,BGY
BDS,MXP
BDS,TSF
BDS,STR
BDS,GRO
BDS,CRL
BDS,GVA
BDS,PSA
BDU,OSL
BEB,GLA
BEB,SYY
BEG,MUC
BEG,BVA
BEG,ZRH
BEG,ATH
BEG,CRL
BEG,DTM
BEG,EIN
BEG,FMM
BEG,GSE
BEG,WAW
BEG,VIE
BEG,GVA
BEG,TIV
BEG,DUS
BEG,FRA
BEG,TXL
BEG,STR
BEG,SJJ
BEG,BNX
BEG,BRU
BEG,CPH
BEG,LJU
BEG,AMS
BEG,LHR
BEG,OTP
BEG,PRG
BEG,SAW
BEG,SKG
BEG,SKP
BEG,SOF
BEG,LTN
BEG,TGD
BEG,VAR
BEG,ESB
BEG,OSL
BEG,NYO
BEG,BUD
BEG,CDG
BEG,FCO
BEG,SPU
BEG,MXP
BEG,ARN
BEG,TRF
BEG,MMX
BES,BOD
BES,AJA
BES,ORY
BES,NCE
BES,LYS
BES,CDG
BES,LCY
BES,MRS
BES,BIA
BES,SOU
BES,BCN
BFS,AGP
BFS,STN
BFS,NCL
BFS,GLA
BFS,KRK
BFS,BRS
BFS,BHX
BFS,BCN
BFS,AMS
BFS,NCE
BFS,MLA
BFS,ALC
BFS,MAN
BFS,LPL
BFS,LGW
BFS,REU
BFS,PMI
BFS,MJV
BFS,DBV
BFS,CDG
BFS,DLM
BFS,LTN
BFS,EDI
BGG,ESB
BGO,HAM
BGO,FRA
BGO,BOO
BGO,ALC
BGO,ORY
BGO,OSL
BGO,PMI
BGO,PRG
BGO,SVG
BGO,SXF
BGO,TRD
BGO,TRF
BGO,NCE
BGO,GDN
BGO,VNO
BGO,AGP
BGO,MAN
BGO,AES
BGO,ABZ
BGO,BLL
BGO,AMS
BGO,LHR
BGO,KTW
BGO,LGW
BGO,RIX
BGO,FCO
BGO,MOL
BGO,KRK
BGO,TOS
BGO,KSU
BGO,SKE
BGO,KRS
BGO,HOV
BGO,HAU
BGO,FRO
BGO,SOG
BGO,BNN
BGO,ARN
BGO,EDI
BGO,AYT
BGO,BCN
BGO,CHQ
BGO,DBV
BGO,CPH
BGY,OTP
BGY,PRG
BGY,SKP
BGY,OMO
BGY,BVA
BGY,CHQ
BGY,EMA
BGY,CRL
BGY,CTA
BGY,SOF
BGY,TIA
BGY,SAW
BGY,EIN
BGY,CAG
BGY,DUB
BGY,BLL
BGY,BTS
BGY,GRO
BGY,ARW
BGY,CRA
BGY,GDN
BGY,KTW
BGY,AGP
BGY,BUD
BGY,AHO
BGY,ATH
BGY,BCN
BGY,BDS
BGY,BRE
BGY,BRI
BGY,BRS
BGY,ALC
BGY,CLJ
BGY,WAW
BGY,HHN
BGY,RHO
BGY,LWO
BGY,IEV
BGY,RIX
BGY,RYG
BGY,SCQ
BGY,SDR
BGY,SKG
BGY,STN
BGY,SVQ
BGY,SXF
BGY,TLL
BGY,TMP
BGY,TPS
BGY,VLC
BGY,VNO
BGY,WMI
BGY,WRO
BGY,ZAZ
BGY,TSR
BGY,GSE
BGY,PSR
BGY,PMO
BGY,SUF
BGY,KRK
BGY,LPP
BGY,LDE
BGY,LBC
BGY,LBA
BGY,MLA
BGY,PMI
BGY,KGS
BGY,NRN
BGY,NYO
BGY,MAN
BGY,IBZ
BGY,OPO
BGY,MAD
BHD,NCL
BHD,SOU
BHD,LHR
BHD,PMI
BHD,LGW
BHD,AGP
BHD,IOM
BHD,MAN
BHD,EDI
BHD,EXT
BHD,BHX
BHD,CWL
BHD,GLA
BHD,INV
BHD,ABZ
BHD,LBA
BHD,EMA
BHX,MXP
BHX,IOM
BHX,INV
BHX,EDI
BHX,HAJ
BHX,GLA
BHX,GCI
BHX,FLR
BHX,BFS
BHX,JER
BHX,ORK
BHX,CPH
BHX,BJV
BHX,DBV
BHX,CGN
BHX,BHD
BHX,AMS
BHX,ALC
BHX,ABZ
BHX,ARN
BHX,ADB
BHX,SNN
BHX,FNC
BHX,NOC
BHX,DUB
BHX,DUS
BHX,OPO
BHX,LEI
BHX,WAT
BHX,BZG
BHX,BTS
BHX,HAM
BHX,TXL
BHX,STR
BHX,AGP
BHX,MUC
BHX,FRA
BHX,BRU
BHX,DLM
BHX,AYT
BHX,LYS
BHX,GOT
BHX,ZRH
BHX,NCL
BHX,GDN
BHX,IBZ
BHX,BCN
BHX,FCO
BHX,REU
BHX,KRK
BHX,VCE
BHX,MLA
BHX,MJV
BHX,LDY
BHX,PMI
BHX,CDG
BHX,KTW
BHX,SPU
BHX,NCE
BHX,MAH
BHX,HER
BHX,GIB
BHX,KUN
BIA,SXB
BIA,BOD
BIA,BES
BIA,LGG
BIA,LYS
BIA,MRS
BIA,FRA
BIA,NTE
BIA,ORY
BIA,GVA
BIA,LGW
BIA,TLS
BIA,LUX
BIA,BRU
BIA,NCE
BIA,CDG
BIA,EBU
BIA,DUS
BIA,LIL
BIA,HAM
BIA,STR
BIA,TXL
BIA,CGN
BIO,STR
BIO,MXP
BIO,MAD
BIO,DUB
BIO,MUC
BIO,DUS
BIO,IBZ
BIO,BCN
BIO,AMS
BIO,ALC
BIO,AGP
BIO,FCO
BIO,LIS
BIO,CDG
BIO,LHR
BIO,LCG
BIO,BRU
BIO,STN
BIO,FRA
BIO,SCQ
BIO,SVQ
BIO,TXL
BIO,GVA
BIO,OSL
BIO,MAN
BIO,PMI
BIO,ORY
BIO,VCE
BIO,VGO
BIO,VLC
BIQ,CRL
BIQ,STN
BIQ,ORY
BIQ,GVA
BIQ,LIL
BIQ,DUB
BIQ,SXB
BIQ,NCE
BIQ,NYO
BIQ,CDG
BIQ,CPH
BIQ,LYS
BIQ,MRS
BJF,HFT
BJF,BVG
BJF,VDS
BJF,VAW
BJF,MEH
BJV,ORY
BJV,STN
BJV,LPL
BJV,ADB
BJV,AMS
BJV,EDI
BJV,BRS
BJV,LTN
BJV,SAW
BJV,ESB
BJV,BRU
BJV,LGW
BJV,RTM
BJV,EIN
BJV,NCL
BJV,MAN
BJV,LBA
BJV,GLA
BJV,BHX
BJV,EMA
BJZ,MAD
BJZ,BCN
BLE,ORB
BLE,GOT
BLK,DUB
BLK,DLM
BLK,AGP
BLK,IOM
BLK,PMI
BLK,ALC
BLL,CCF
BLL,CFU
BLL,BGY
BLL,AHO
BLL,CHQ
BLL,AGP
BLL,BUD
BLL,OSL
BLL,GRO
BLL,AMS
BLL,CDG
BLL,BGO
BLL,BRU
BLL,DUS
BLL,MAN
BLL,MUC
BLL,CIA
BLL,ZRH
BLL,CPH
BLL,ZAD
BLL,TSF
BLL,STN
BLL,PSA
BLL,PMI
BLL,MLA
BLL,ARN
BLL,LCY
BLL,FRA
BLL,SVG
BLL,ALC
BLL,RIX
BLL,AYT
BLL,EBJ
BLL,AAL
BLQ,BVA
BLQ,BRS
BLQ,BOD
BLQ,BDS
BLQ,BCN
BLQ,ALC
BLQ,AGP
BLQ,ZAG
BLQ,ORY
BLQ,CRL
BLQ,OTP
BLQ,SOF
BLQ,SAW
BLQ,TSR
BLQ,LGW
BLQ,ARN
BLQ,EIN
BLQ,EDI
BLQ,BRI
BLQ,IBZ
BLQ,LYS
BLQ,CDG
BLQ,WRO
BLQ,WMI
BLQ,VLC
BLQ,TPS
BLQ,SVQ
BLQ,SUF
BLQ,STN
BLQ,RYG
BLQ,PMO
BLQ,PMI
BLQ,OPO
BLQ,NRN
BLQ,MLA
BLQ,MAN
BLQ,MAD
BLQ,KRK
BLQ,CGN
BLQ,TXL
BLQ,CLJ
BLQ,CPH
BLQ,DUB
BLQ,AHO
BLQ,CAG
BLQ,BRU
BLQ,KIV
BLQ,CTA
BLQ,TIA
BLQ,LIS
BLQ,FRA
BLQ,MUC
BLQ,IAS
BLQ,FCO
BLQ,VIE
BLQ,LHR
BLQ,OLB
BLQ,AMS
BMA,THN
BMA,BRU
BMA,AGH
BMA,HAD
BMA,KLR
BMA,UME
BMA,OSD
BMA,VXO
BMA,RNB
BMA,SDL
BMA,AAR
BMA,MMX
BMA,VBY
BMA,HEL
BMA,GOT
BNN,TRD
BNN,SSJ
BNN,BGO
BNN,MQN
BNN,OSL
BNX,BEG
BNX,ZRH
BNX,SJJ
BOD,BES
BOD,STN
BOD,OPO
BOD,EDI
BOD,CRL
BOD,CIA
BOD,BLQ
BOD,PMO
BOD,VCE
BOD,LTN
BOD,BSL
BOD,SVQ
BOD,GVA
BOD,FSC
BOD,ZRH
BOD,AMS
BOD,RNS
BOD,MXP
BOD,SXB
BOD,NTE
BOD,MRS
BOD,NCE
BOD,LYS
BOD,LIL
BOD,FCO
BOD,OLB
BOD,LIS
BOD,BRU
BOD,MUC
BOD,PMI
BOD,MAD
BOD,BRS
BOD,DUB
BOD,AJA
BOD,HER
BOD,CLY
BOD,FLR
BOD,AGP
BOD,BCN
BOD,BIA
BOD,LGW
BOD,CDG
BOD,ORY
BOH,PSA
BOH,PMI
BOH,GRO
BOH,RHO
BOH,MLA
BOH,MJV
BOH,CHQ
BOH,IBZ
BOH,ALC
BOH,AGP
BOH,DUB
BOH,CCF
BOJ,OSL
BOJ,HEL
BOJ,CPH
BOJ,BRU
BOJ,SOF
BOJ,VAR
BOJ,LTN
BOJ,DUB
BOO,TOS
BOO,TRD
BOO,MJF
BOO,ANX
BOO,OSL
BOO,BGO
BOO,BNN
BOO,EVE
BOO,SVJ
BOO,LKN
BOO,SKN
BOO,RET
BOO,NVK
BOO,MQN
BOO,SSJ
BRE,AYT
BRE,MAN
BRE,TLL
BRE,TMP
BRE,TSF
BRE,VNO
BRE,STR
BRE,AMS
BRE,STN
BRE,FNC
BRE,ZRH
BRE,IBZ
BRE,TLS
BRE,FRA
BRE,MUC
BRE,ADB
BRE,PMI
BRE,CPH
BRE,VIE
BRE,CDG
BRE,AGP
BRE,ALC
BRE,BGY
BRE,FMO
BRE,CFU
BRE,CHQ
BRE,DUB
BRE,EDI
BRE,GRO
BRE,LEJ
BRE,SKG
BRE,HAU
BRE,RIX
BRE,BZR
BRE,OPO
BRE,NYO
BRI,FCO
BRI,BUD
BRI,MXP
BRI,LIN
BRI,CDG
BRI,STR
BRI,DUS
BRI,CGN
BRI,TIA
BRI,TXL
BRI,TRN
BRI,OTP
BRI,MST
BRI,NRN
BRI,PRG
BRI,MLA
BRI,HHN
BRI,GOA
BRI,FKB
BRI,DUB
BRI,CRL
BRI,CIA
BRI,CAG
BRI,BVA
BRI,BLQ
BRI,CTA
BRI,BGY
BRI,PMO
BRI,LGW
BRI,FLR
BRI,PSA
BRI,AMS
BRI,STN
BRI,TRS
BRI,VCE
BRI,VRN
BRI,SVQ
BRI,BCN
BRI,TSF
BRI,VLC
BRI,MUC
BRN,AMS
BRN,HAM
BRN,EBA
BRN,VIE
BRN,IBZ
BRN,OLB
BRN,MUC
BRN,LCY
BRN,CGN
BRN,BCN
BRN,TXL
BRN,PMI
BRQ,STN
BRR,GLA
BRS,CPH
BRS,BUD
BRS,BOD
BRS,EDI
BRS,CDG
BRS,FCO
BRS,NCE
BRS,GLA
BRS,AYT
BRS,DLM
BRS,HAM
BRS,MUC
BRS,MXP
BRS,SXF
BRS,PSA
BRS,FNC
BRS,PRG
BRS,MJV
BRS,MAD
BRS,LIS
BRS,KRK
BRS,INV
BRS,HER
BRS,GVA
BRS,NCL
BRS,BJV
BRS,WMI
BRS,BCN
BRS,BZR
BRS,CHQ
BRS,EGC
BRS,GDN
BRS,GRO
BRS,IBZ
BRS,KUN
BRS,LIG
BRS,MLA
BRS,JER
BRS,BRU
BRS,AMS
BRS,BGY
BRS,ALC
BRS,BFS
BRS,AGP
BRS,ZRH
BRS,ABZ
BRS,MAH
BRS,CFU
BRS,NOC
BRS,PMI
BRS,POZ
BRS,REU
BRS,RZE
BRS,TSF
BRS,VLC
BRS,WRO
BRS,CEG
BRS,TLS
BRS,GCI
BRS,FRA
BRS,BLQ
BRS,DUB
BRS,ORK
BRS,SNN
BRU,KBP
BRU,CFU
BRU,GOT
BRU,VNO
BRU,RIX
BRU,CHQ
BRU,DBV
BRU,FNC
BRU,IBZ
BRU,FLR
BRU,EDI
BRU,BUD
BRU,BRS
BRU,JMK
BRU,KGS
BRU,LDE
BRU,LEI
BRU,MAH
BRU,REU
BRU,TIV
BRU,NCL
BRU,EMA
BRU,BMA
BRU,BLQ
BRU,BOJ
BRU,AYT
BRU,BJV
BRU,BIA
BRU,LHR
BRU,MAN
BRU,MRS
BRU,NAP
BRU,NCE
BRU,PMO
BRU,SVQ
BRU,SXB
BRU,TLS
BRU,TRN
BRU,HEL
BRU,VCE
BRU,SCQ
BRU,SOF
BRU,ZAG
BRU,FRA
BRU,CDG
BRU,ZRH
BRU,BSL
BRU,FCO
BRU,LIN
BRU,MAD
BRU,ADB
BRU,TLL
BRU,BHX
BRU,RHO
BRU,ZTH
BRU,ARN
BRU,BEG
BRU,GDN
BRU,WRO
BRU,TSF
BRU,VLC
BRU,VAR
BRU,WAW
BRU,BLL
BRU,ORK
BRU,AMS
BRU,DUB
BRU,HAJ
BRU,HAM
BRU,MUC
BRU,BOD
BRU,LGW
BRU,CTA
BRU,SXF
BRU,MLA
BRU,LIS
BRU,PMI
BRU,OSL
BRU,LYS
BRU,AGP
BRU,VIE
BRU,STR
BRU,NTE
BRU,OPO
BRU,CPH
BRU,BIO
BRU,ALC
BRU,SAW
BRU,BCN
BRU,LJU
BRU,GVA
BRU,AOE
BRU,MXP
BRU,TXL
BRU,ATH
BRU,HER
BRU,OTP
BRU,PRG
BSL,NAP
BSL,NCE
BSL,MAD
BSL,MAN
BSL,MPL
BSL,NTE
BSL,AGP
BSL,STN
BSL,LGW
BSL,OLB
BSL,DUS
BSL,LHR
BSL,BOD
BSL,DUB
BSL,BDS
BSL,BUD
BSL,AYT
BSL,ALC
BSL,CAG
BSL,CPH
BSL,DRS
BSL,AJA
BSL,EDI
BSL,KRK
BSL,LIS
BSL,OPO
BSL,PRG
BSL,SCQ
BSL,AMS
BSL,CDG
BSL,FNC
BSL,KGS
BSL,RHO
BSL,ZQW
BSL,PMI
BSL,IBZ
BSL,HER
BSL,CTA
BSL,MUC
BSL,HAM
BSL,SAW
BSL,ADB
BSL,PRN
BSL,SVQ
BSL,BCN
BSL,BRU
BSL,FCO
BSL,LCY
BSL,VIE
BSL,SKG
BSL,VCE
BSL,TLS
BSL,SXF
BSL,FRA
BSL,SPU
BTS,AHO
BTS,BGY
BTS,BHX
BTS,BVA
BTS,CIA
BTS,STN
BTS,PMI
BTS,LTN
BTS,DUB
BTS,CRL
BTS,AGP
BTS,TPS
BTS,LPL
BTS,GRO
BTS,PRG
BTS,OSL
BTS,KSC
BTS,EDI
BUD,ORY
BUD,HEL
BUD,TSF
BUD,TMP
BUD,STN
BUD,PSA
BUD,BCN
BUD,MAD
BUD,CRL
BUD,CIA
BUD,BVA
BUD,BRS
BUD,BLL
BUD,BGY
BUD,MAN
BUD,EDI
BUD,MSQ
BUD,BRU
BUD,ZRH
BUD,FRA
BUD,FCO
BUD,LHR
BUD,RIX
BUD,OTP
BUD,PRG
BUD,MLA
BUD,VIE
BUD,ATH
BUD,LIS
BUD,LBA
BUD,EMA
BUD,WAW
BUD,DUB
BUD,AMS
BUD,BEG
BUD,CDG
BUD,RTM
BUD,ZAG
BUD,AGP
BUD,HAM
BUD,CGN
BUD,LGW
BUD,CPH
BUD,ARN
BUD,NYO
BUD,BRI
BUD,CTA
BUD,DTM
BUD,EIN
BUD,GSE
BUD,HHN
BUD,IEV
BUD,MMX
BUD,SKG
BUD,SAW
BUD,BSL
BUD,GVA
BUD,LTN
BUD,SXF
BUD,MXP
BUD,STR
BUD,OSL
BUD,NAP
BUD,TXL
BUD,MUC
BUD,DUS
BVA,TRS
BVA,BTS
BVA,BRI
BVA,RYG
BVA,BLQ
BVA,SVQ
BVA,TSF
BVA,VLC
BVA,AHO
BVA,SNN
BVA,VNO
BVA,WMI
BVA,POZ
BVA,SOF
BVA,ZAD
BVA,ZAZ
BVA,RZE
BVA,BUD
BVA,KIV
BVA,KTW
BVA,WRO
BVA,KRK
BVA,LIS
BVA,TPS
BVA,MAD
BVA,MAN
BVA,NYO
BVA,GSE
BVA,GRO
BVA,OTP
BVA,DUB
BVA,BGY
BVA,PSR
BVA,PUY
BVA,BEG
BVA,CAG
BVA,BZR
BVA,CLJ
BVA,GDN
BVA,CIA
BVA,WAW
BVA,AGP
BVA,PSA
BVA,TGM
BVA,OPO
BVA,PMI
BVA,BDS
BVA,ALC
BVA,TSR
BVA,BCN
BVE,STN
BVE,LCY
BVE,AJA
BVE,ORY
BVG,HFT
BVG,BJF
BVG,VDS
BVG,MEH
BWK,ZAG
BZG,STN
BZG,BHX
BZG,DUB
BZO,FCO
BZR,EDI
BZR,NRN
BZR,NYO
BZR,RYG
BZR,BRS
BZR,LTN
BZR,MAN
BZR,BVA
BZR,BRE
CAG,SXF
CAG,MXP
CAG,GVA
CAG,BSL
CAG,MAD
CAG,STN
CAG,CGN
CAG,VRN
CAG,LUX
CAG,TSF
CAG,MRS
CAG,NRN
CAG,PEG
CAG,PMF
CAG,PSA
CAG,PSR
CAG,BLQ
CAG,FLR
CAG,CRL
CAG,TRN
CAG,BGY
CAG,BRI
CAG,MUC
CAG,DUS
CAG,STR
CAG,NAP
CAG,LIN
CAG,FCO
CAG,BVA
CAG,TPS
CAG,FKB
CAG,GRO
CAG,GOA
CAG,CUF
CAG,CIA
CAG,KUN
CAG,HHN
CAG,KRK
CAL,GLA
CCF,BOH
CCF,STN
CCF,BLL
CCF,LPL
CCF,PIK
CCF,EIN
CCF,DUB
CCF,CRL
CCF,EMA
CCF,OPO
CDG,OLB
CDG,SAW
CDG,ADB
CDG,GOA
CDG,NAP
CDG,CPH
CDG,CLY
CDG,CFE
CDG,BUD
CDG,BSL
CDG,BRE
CDG,BOD
CDG,BLQ
CDG,DUB
CDG,BLL
CDG,BHX
CDG,BES
CDG,BEG
CDG,BCN
CDG,ARN
CDG,AMS
CDG,AGP
CDG,ABZ
CDG,BIO
CDG,DUS
CDG,EDI
CDG,EXT
CDG,MUC
CDG,MRS
CDG,MPL
CDG,MLA
CDG,MAN
CDG,MAD
CDG,LYS
CDG,LUX
CDG,LJU
CDG,LIS
CDG,LIN
CDG,KBP
CDG,HEL
CDG,HAJ
CDG,GVA
CDG,GOT
CDG,FRA
CDG,FLR
CDG,FCO
CDG,NCE
CDG,JER
CDG,NTE
CDG,PMO
CDG,GLA
CDG,OVD
CDG,BRS
CDG,SCQ
CDG,BRI
CDG,BIQ
CDG,BIA
CDG,BFS
CDG,AJA
CDG,TRN
CDG,TIV
CDG,LHR
CDG,TGD
CDG,CTA
CDG,NCL
CDG,SKG
CDG,TXL
CDG,VCE
CDG,VGO
CDG,VLC
CDG,VRN
CDG,WAW
CDG,ZAG
CDG,ZRH
CDG,RHO
CDG,KRK
CDG,LGW
CDG,LPL
CDG,LTN
CDG,MXP
CDG,MSQ
CDG,ORK
CDG,HAM
CDG,EMA
CDG,VIE
CDG,VNO
CDG,LBA
CDG,WRO
CDG,LEJ
CDG,NUE
CDG,OSL
CDG,HER
CDG,OTP
CDG,PUF
CDG,RIX
CDG,RNS
CDG,SOF
CDG,STR
CDG,SVG
CDG,TLS
CDG,SPU
CDG,DBV
CDG,BRU
CDG,OSR
CDG,OPO
CDG,PRG
CDG,ATH
CEG,BRS
CEG,TLS
CFE,CDG
CFE,OPO
CFE,AMS
CFE,LYS
CFE,NCE
CFE,ORY
CFN,GLA
CFN,DUB
CFR,LYS
CFR,NCE
CFR,ORY
CFR,AJA
CFU,CIA
CFU,NRN
CFU,PIK
CFU,SKG
CFU,ATH
CFU,DUB
CFU,EFL
CFU,AMS
CFU,VIE
CFU,RYG
CFU,LBA
CFU,EMA
CFU,STN
CFU,EIN
CFU,EDI
CFU,BLL
CFU,BRE
CFU,CRL
CFU,MAN
CFU,LGW
CFU,LIL
CFU,BRS
CFU,LUX
CFU,LTN
CFU,DUS
CFU,FMO
CFU,FRA
CFU,HAM
CFU,PVK
CFU,MUC
CFU,TXL
CFU,DRS
CFU,BRU
CFU,HAJ
CFU,CGN
CFU,STR
CGN,CFU
CGN,CAG
CGN,BUD
CGN,BRI
CGN,BIA
CGN,BCN
CGN,AYT
CGN,ATH
CGN,LHR
CGN,ARN
CGN,BLQ
CGN,LEJ
CGN,JMK
CGN,KLU
CGN,OSL
CGN,CLY
CGN,DRS
CGN,ALC
CGN,DUB
CGN,EDI
CGN,FCO
CGN,FDH
CGN,HAM
CGN,HDF
CGN,HER
CGN,IBZ
CGN,LIS
CGN,JTR
CGN,KGS
CGN,KVA
CGN,MAN
CGN,PMO
CGN,NAP
CGN,VIE
CGN,VRN
CGN,WAW
CGN,XRY
CGN,ZAD
CGN,ZAG
CGN,VCE
CGN,ZRH
CGN,ESB
CGN,CTA
CGN,BHX
CGN,ADB
CGN,GRO
CGN,FNC
CGN,BRN
CGN,TXL
CGN,SZG
CGN,SUF
CGN,NCE
CGN,OLB
CGN,PMI
CGN,IEV
CGN,PRG
CGN,PSA
CGN,PUY
CGN,RHO
CGN,RJK
CGN,RLG
CGN,SAW
CGN,SJJ
CGN,SKG
CGN,SPU
CGN,STN
CGN,MXP
CGN,DBV
CGN,AGP
CGN,AMS
CGN,KTW
CGN,SKP
CGN,GDN
CGN,MUC
CGN,MAH
CGN,LGW
CHQ,BGY
CHQ,NYO
CHQ,AMS
CHQ,ZTH
CHQ,BGO
CHQ,CPH
CHQ,EMA
CHQ,MRS
CHQ,STN
CHQ,LBA
CHQ,KTW
CHQ,HHN
CHQ,BRU
CHQ,EIN
CHQ,HEL
CHQ,DUB
CHQ,BRS
CHQ,CRL
CHQ,NRN
CHQ,TSF
CHQ,RYG
CHQ,WMI
CHQ,BRE
CHQ,BOH
CHQ,BLL
CHQ,OSL
CHQ,SKG
CHQ,ATH
CHQ,FMM
CHQ,VIE
CHQ,VNO
CHQ,LGW
CHQ,ARN
CHQ,DUS
CHQ,WRO
CHQ,CIA
CIA,VLC
CIA,FMM
CIA,CRL
CIA,DUB
CIA,FKB
CIA,TSR
CIA,OTP
CIA,CLJ
CIA,EDI
CIA,WRO
CIA,WMI
CIA,EMA
CIA,KTW
CIA,EIN
CIA,VNO
CIA,MAD
CIA,CIY
CIA,SVQ
CIA,CFU
CIA,MAN
CIA,MRS
CIA,NRN
CIA,NYO
CIA,OPO
CIA,BDS
CIA,BCN
CIA,PIK
CIA,AHO
CIA,AGP
CIA,PMI
CIA,POZ
CIA,CHQ
CIA,BLL
CIA,KRK
CIA,RYG
CIA,CAG
CIA,BVA
CIA,BUD
CIA,GSE
CIA,IBZ
CIA,BRI
CIA,BTS
CIA,HHN
CIA,TPS
CIA,STN
CIA,BOD
CIA,SKG
CIA,SDR
CIA,KIV
CIY,STN
CIY,CRL
CIY,DUB
CIY,PSA
CIY,CIA
CIY,HHN
CIY,LIN
CIY,KUN
CKZ,ESB
CLJ,CIA
CLJ,MUC
CLJ,ZAZ
CLJ,VLC
CLJ,TSF
CLJ,MAD
CLJ,VIE
CLJ,BGY
CLJ,BLQ
CLJ,BVA
CLJ,PRG
CLJ,CRL
CLJ,DTM
CLJ,EIN
CLJ,OTP
CLJ,LTN
CLJ,BCN
CLY,ORY
CLY,SZG
CLY,DUS
CLY,LUX
CLY,NCE
CLY,NTE
CLY,CDG
CLY,MRS
CLY,FMM
CLY,BOD
CLY,CGN
CPH,BEG
CPH,PLQ
CPH,OTP
CPH,NCL
CPH,MXP
CPH,MAN
CPH,LPI
CPH,LIN
CPH,LBA
CPH,KRS
CPH,HAU
CPH,HAM
CPH,HAJ
CPH,GZP
CPH,GOT
CPH,GDN
CPH,BRE
CPH,BLQ
CPH,BLL
CPH,NCE
CPH,MLA
CPH,HEL
CPH,MAD
CPH,LIS
CPH,LGW
CPH,POZ
CPH,PRN
CPH,STR
CPH,SVG
CPH,ZRH
CPH,MOL
CPH,PMI
CPH,LUX
CPH,TXL
CPH,LHR
CPH,VIE
CPH,FLR
CPH,SJJ
CPH,ZAG
CPH,TRD
CPH,SXF
CPH,KRP
CPH,LJU
CPH,AMS
CPH,OSL
CPH,VNO
CPH,WAW
CPH,FRA
CPH,SPU
CPH,PSA
CPH,PRG
CPH,ORY
CPH,WRO
CPH,TRF
CPH,TKU
CPH,GVA
CPH,KRK
CPH,MUC
CPH,BSL
CPH,RNN
CPH,CHQ
CPH,BUD
CPH,BRS
CPH,BIQ
CPH,STN
CPH,BOJ
CPH,AES
CPH,BGO
CPH,SKG
CPH,ATH
CPH,ARN
CPH,ALC
CPH,BHX
CPH,ABZ
CPH,AGP
CPH,BCN
CPH,AAR
CPH,RIX
CPH,CTA
CPH,SAW
CPH,EIN
CPH,AYT
CPH,DUS
CPH,VCE
CPH,SGD
CPH,FCO
CPH,BRU
CPH,TLL
CPH,AAL
CPH,CDG
CPH,DUB
CPH,ADB
CPH,EDI
CRA,LTN
CRA,BGY
CRL,GRO
CRL,GOA
CRL,LRH
CRL,FSC
CRL,RYG
CRL,CLJ
CRL,MRS
CRL,LJU
CRL,MAD
CRL,OTP
CRL,MAN
CRL,SKP
CRL,BEG
CRL,FNI
CRL,EDI
CRL,KRK
CRL,REU
CRL,RDZ
CRL,MPL
CRL,SKG
CRL,SAW
CRL,EGC
CRL,CIY
CRL,DUB
CRL,LEI
CRL,RHO
CRL,PSR
CRL,PSA
CRL,PMI
CRL,PGF
CRL,PEG
CRL,OPO
CRL,NYO
CRL,IBZ
CRL,PUY
CRL,SDR
CRL,WAW
CRL,BCN
CRL,VOL
CRL,ZTH
CRL,ZAZ
CRL,CIA
CRL,CHQ
CRL,CFU
CRL,CCF
CRL,CAG
CRL,BUD
CRL,BTS
CRL,VLC
CRL,BRI
CRL,ZAD
CRL,BLQ
CRL,BIQ
CRL,BGY
CRL,BDS
CRL,AOI
CRL,ALC
CRL,WMI
CRL,AGP
CRL,AHO
CRL,BOD
CRL,TSF
CRL,VNO
CRL,TGD
CRL,TRS
CRL,TPS
CRL,SOF
CRL,TRN
CRL,SUF
CRL,SVQ
CTA,VCE
CTA,CDG
CTA,BLQ
CTA,FRA
CTA,BSL
CTA,MLA
CTA,VIE
CTA,VRN
CTA,DUB
CTA,LMP
CTA,FCO
CTA,NAP
CTA,TSF
CTA,GVA
CTA,MAN
CTA,ORY
CTA,TXL
CTA,STR
CTA,HAM
CTA,HAJ
CTA,LTN
CTA,BUD
CTA,AMS
CTA,AOI
CTA,TRN
CTA,PSA
CTA,MXP
CTA,OTP
CTA,BCN
CTA,FLR
CTA,CPH
CTA,LGW
CTA,LYS
CTA,ARN
CTA,BRU
CTA,CGN
CTA,GOA
CTA,BRI
CTA,MAD
CTA,EIN
CTA,MUC
CTA,ZRH
CTA,BGY
CTA,LIN
CTA,MRS
CTA,DUS
CUF,CAG
CUF,AHO
CUF,TPS
CUF,OTP
CWL,MLA
CWL,DUS
CWL,ALC
CWL,AGP
CWL,BCN
CWL,PMI
CWL,RHO
CWL,NCL
CWL,DUB
CWL,VLY
CWL,HER
CWL,AMS
CWL,DLM
CWL,JER
CWL,ORY
CWL,EDI
CWL,BHD
CWL,GLA
DBV,DUB
DBV,BRU
DBV,AMS
DBV,FCO
DBV,VIE
DBV,GVA
DBV,ZAG
DBV,HEL
DBV,OSI
DBV,ZRH
DBV,NCL
DBV,STN
DBV,RJK
DBV,TRF
DBV,ARN
DBV,BGO
DBV,OSL
DBV,VCE
DBV,CDG
DBV,TXL
DBV,BCN
DBV,MAN
DBV,LBA
DBV,EMA
DBV,EDI
DBV,FRA
DBV,MUC
DBV,BFS
DBV,ORY
DBV,LIL
DBV,BHX
DBV,WAW
DBV,CGN
DBV,DUS
DBV,HAJ
DBV,HAM
DBV,STR
DBV,ATH
DBV,LUX
DBV,LGW
DBV,TRD
DCM,AJA
DCM,ORY
DCM,AGF
DEB,EIN
DEB,LTN
DIJ,TLS
DIY,ESB
DIY,SAW
DIY,ADB
DLE,OPO
DLE,LIS
DLM,DUS
DLM,FRA
DLM,VIE
DLM,HAJ
DLM,HAM
DLM,MUC
DLM,STR
DLM,SXF
DLM,STN
DLM,LTN
DLM,CWL
DLM,BLK
DLM,AMS
DLM,BHX
DLM,RTM
DLM,BRS
DLM,LGW
DLM,SAW
DLM,EDI
DLM,NCL
DLM,BFS
DLM,MAN
DLM,EMA
DLM,GLA
DLM,LBA
DND,STN
DNK,VIE
DNK,KBP
DNR,STN
DNR,EMA
DNR,GCI
DNZ,SAW
DOK,KBP
DOK,SAW
DOK,MUC
DOK,SKG
DOL,LCY
DRS,BSL
DRS,STR
DRS,PMI
DRS,HER
DRS,AYT
DRS,CFU
DRS,CGN
DRS,DUS
DRS,FRA
DRS,MUC
DRS,LCY
DRS,BCN
DRS,RHO
DRS,ZRH
DSA,GDN
DSA,KTW
DSA,POZ
DSA,VNO
DSA,PMI
DSA,WRO
DSA,WAW
DSA,JER
DTM,CLJ
DTM,ONQ
DTM,LTN
DTM,STN
DTM,MUC
DTM,IEV
DTM,HDF
DTM,GDN
DTM,KTW
DTM,SPU
DTM,OTP
DTM,SKP
DTM,ADB
DTM,TSR
DTM,LWO
DTM,SOF
DTM,VNO
DTM,BCN
DTM,OPO
DTM,SAW
DTM,KRK
DTM,PMI
DTM,AHO
DTM,AGP
DTM,GRO
DTM,BEG
DTM,BUD
DUB,HEL
DUB,CDG
DUB,ATH
DUB,LUX
DUB,LHR
DUB,CGN
DUB,DUS
DUB,CPH
DUB,ARN
DUB,LCY
DUB,BOD
DUB,LTN
DUB,FRA
DUB,FCO
DUB,RYG
DUB,RZE
DUB,SDR
DUB,STN
DUB,SVQ
DUB,SZZ
DUB,SXF
DUB,STR
DUB,EMA
DUB,EIN
DUB,CRL
DUB,CIY
DUB,CIA
DUB,CHQ
DUB,TSF
DUB,TUF
DUB,VLC
DUB,VNO
DUB,WAW
DUB,ZRH
DUB,CCF
DUB,WMI
DUB,HHN
DUB,ZAD
DUB,BZG
DUB,BVA
DUB,BTS
DUB,GLA
DUB,BSL
DUB,RIX
DUB,RDZ
DUB,CFN
DUB,GRO
DUB,GDN
DUB,EXT
DUB,SOU
DUB,KIV
DUB,TLS
DUB,FMM
DUB,HAM
DUB,VCE
DUB,VIE
DUB,VRN
DUB,KRK
DUB,KTW
DUB,KUN
DUB,LBA
DUB,LEI
DUB,LPL
DUB,LRH
DUB,MJV
DUB,MLA
DUB,NTE
DUB,HAJ
DUB,GVA
DUB,OPO
DUB,OTP
DUB,PIK
DUB,POZ
DUB,PSA
DUB,REU
DUB,BRI
DUB,WRO
DUB,DBV
DUB,ALC
DUB,AGP
DUB,ADB
DUB,ABZ
DUB,SEN
DUB,SCQ
DUB,PUY
DUB,PRG
DUB,PMI
DUB,PGF
DUB,NCL
DUB,NCE
DUB,AMS
DUB,NAP
DUB,MUC
DUB,MRS
DUB,MAN
DUB,MAD
DUB,LYS
DUB,LIS
DUB,LIN
DUB,LGW
DUB,KIR
DUB,JER
DUB,IOM
DUB,IBZ
DUB,MXP
DUB,EDI
DUB,OSL
DUB,BLK
DUB,BIO
DUB,BGY
DUB,BHX
DUB,BCN
DUB,BIQ
DUB,BRE
DUB,BOH
DUB,BOJ
DUB,AHO
DUB,BLQ
DUB,BRU
DUB,BUD
DUB,CFU
DUB,CTA
DUB,CWL
DUB,BRS
DUS,GWT
DUS,HAM
DUS,TGD
DUS,GCI
DUS,BLL
DUS,HEL
DUS,LCY
DUS,LGW
DUS,MLA
DUS,FDH
DUS,MAH
DUS,JER
DUS,KVA
DUS,KGS
DUS,LBA
DUS,SMI
DUS,STN
DUS,STR
DUS,SZG
DUS,TXL
DUS,VIE
DUS,MJT
DUS,LIS
DUS,ATH
DUS,SAW
DUS,RIX
DUS,KLX
DUS,RHO
DUS,PVK
DUS,NCE
DUS,NAP
DUS,MUC
DUS,ZTH
DUS,ZRH
DUS,CAG
DUS,FLR
DUS,TRN
DUS,VCE
DUS,WAW
DUS,WRO
DUS,ZAD
DUS,HER
DUS,FRA
DUS,ONQ
DUS,FNC
DUS,AMS
DUS,ADB
DUS,ASR
DUS,ESB
DUS,HDF
DUS,AOI
DUS,SUF
DUS,GPA
DUS,SPU
DUS,PRN
DUS,LEJ
DUS,LYS
DUS,MAD
DUS,MPL
DUS,MXP
DUS,NQY
DUS,XRY
DUS,DLM
DUS,CHQ
DUS,NUE
DUS,OLB
DUS,LHR
DUS,PMI
DUS,POZ
DUS,PRG
DUS,SKG
DUS,KTW
DUS,GVA
DUS,DUB
DUS,BUD
DUS,NTE
DUS,BCN
DUS,BIA
DUS,BIO
DUS,BRI
DUS,ARN
DUS,CFU
DUS,CPH
DUS,BSL
DUS,MAN
DUS,EXT
DUS,BHX
DUS,FCO
DUS,CLY
DUS,AGP
DUS,CTA
DUS,AYT
DUS,DRS
DUS,DBV
DUS,LUX
DUS,VLC
DUS,OTP
DUS,ALC
DUS,NCL
DUS,OSL
DUS,GRZ
DUS,GOT
DUS,GLA
DUS,CDG
DUS,CWL
DUS,BEG
DUS,LNZ
DUS,IBZ
EAS,BCN
EAS,MAD
EBA,BRN
EBA,ACH
EBA,FDH
EBA,MUC
EBA,ZRH
EBJ,BLL
EBJ,ABZ
EBU,SAW
EBU,OPO
EBU,BIA
EDI,CPH
EDI,SNN
EDI,ORK
EDI,DUB
EDI,SVG
EDI,OSL
EDI,BGO
EDI,BRS
EDI,MXP
EDI,HAM
EDI,HER
EDI,LIS
EDI,LTN
EDI,LYS
EDI,MAD
EDI,MUC
EDI,RYG
EDI,NAP
EDI,NCE
EDI,SEN
EDI,STN
EDI,SXF
EDI,MLA
EDI,KUN
EDI,PRG
EDI,VCE
EDI,KRK
EDI,HHN
EDI,GSE
EDI,GDN
EDI,GVA
EDI,DLM
EDI,WIC
EDI,SYY
EDI,MAH
EDI,MJV
EDI,PSA
EDI,POZ
EDI,PMI
EDI,FRA
EDI,NRN
EDI,ATH
EDI,BFS
EDI,BJV
EDI,DBV
EDI,MRS
EDI,BHD
EDI,BHX
EDI,EMA
EDI,EXT
EDI,JER
EDI,KOI
EDI,LSI
EDI,MAN
EDI,NWI
EDI,SOU
EDI,BSL
EDI,CIA
EDI,CRL
EDI,BZR
EDI,BRU
EDI,CGN
EDI,LHR
EDI,CFU
EDI,LCY
EDI,LGW
EDI,SDR
EDI,ARN
EDI,AGP
EDI,ALC
EDI,BUD
EDI,BLQ
EDI,BOD
EDI,BTS
EDI,AMS
EDI,CDG
EDI,CWL
EDI,BRE
EDI,BCN
EDO,SAW
EFL,LGW
EFL,ATH
EFL,AMS
EFL,STN
EFL,PVK
EGC,SOU
EGC,PGX
EGC,STN
EGC,EMA
EGC,RTM
EGC,EXT
EGC,BRS
EGC,CRL
EGC,LPL
EIN,OPO
EIN,NOC
EIN,MRS
EIN,MLA
EIN,SKP
EIN,KRK
EIN,IBZ
EIN,ALC
EIN,GRO
EIN,DUB
EIN,CTA
EIN,CIA
EIN,CHQ
EIN,CFU
EIN,CCF
EIN,AGP
EIN,BDS
EIN,AHO
EIN,BGY
EIN,MJV
EIN,ATH
EIN,RIX
EIN,OTP
EIN,KTW
EIN,GDN
EIN,DEB
EIN,CLJ
EIN,BUD
EIN,BEG
EIN,VNO
EIN,WAW
EIN,VLC
EIN,VCE
EIN,TXL
EIN,SAW
EIN,RTM
EIN,NCE
EIN,NAP
EIN,MAD
EIN,LIS
EIN,INN
EIN,GRQ
EIN,DLM
EIN,CPH
EIN,BLQ
EIN,BJV
EIN,BCN
EIN,AYT
EIN,PMI
EIN,PSA
EIN,SOF
EIN,STN
EIN,SVQ
EIN,TPS
EIN,TSF
EIN,WMI
EIN,REU
EMA,TSF
EMA,SXF
EMA,RZE
EMA,BRU
EMA,WMI
EMA,RIX
EMA,RHO
EMA,PRG
EMA,AMS
EMA,BHD
EMA,JER
EMA,GLA
EMA,REU
EMA,HER
EMA,FNC
EMA,GCI
EMA,MLA
EMA,DLM
EMA,DBV
EMA,ABZ
EMA,CDG
EMA,BUD
EMA,EDI
EMA,WRO
EMA,VLC
EMA,GRO
EMA,AGP
EMA,ALC
EMA,BCN
EMA,BGY
EMA,CCF
EMA,CFU
EMA,CHQ
EMA,CIA
EMA,DNR
EMA,DUB
EMA,EGC
EMA,IBZ
EMA,BJV
EMA,LEI
EMA,PSA
EMA,LIG
EMA,LRH
EMA,MAH
EMA,PMI
EMA,ORK
EMA,MJV
EMA,KRK
EMA,NOC
EOI,KOI
ERC,SAW
ERC,ESB
ERF,LGW
ERF,PMI
ERF,AYT
ERZ,ESB
ERZ,SAW
ESB,BJV
ESB,GNY
ESB,CKZ
ESB,BGG
ESB,ERZ
ESB,BAL
ESB,EZS
ESB,FRA
ESB,AYT
ESB,ADB
ESB,CGN
ESB,DUS
ESB,SAW
ESB,STR
ESB,VIE
ESB,AJI
ESB,ADF
ESB,ADA
ESB,GZP
ESB,DIY
ESB,MQM
ESB,VAN
ESB,TZX
ESB,ERC
ESB,TEQ
ESB,MSR
ESB,BEG
ESB,HTY
ESB,IGD
ESB,KCM
ESB,KCO
ESB,KSY
ESB,MLX
ESB,GZT
ESB,MUC
ETZ,LYS
ETZ,NCE
ETZ,MRS
ETZ,TLS
EVE,TRD
EVE,TOS
EVE,BOO
EVE,ANX
EVE,ALC
EVE,OSL
EVE,SVG
EVG,ARN
EVG,MXX
EXT,CDG
EXT,EDI
EXT,BHD
EXT,DUS
EXT,GCI
EXT,GLA
EXT,AMS
EXT,ALC
EXT,MAN
EXT,PMI
EXT,JER
EXT,EGC
EXT,MLA
EXT,NQY
EXT,ISC
EXT,AGP
EXT,RNS
EXT,DUB
EZS,SAW
EZS,ADB
EZS,ESB
FCO,HAM
FCO,LTN
FCO,BHX
FCO,CGN
FCO,HAJ
FCO,KIV
FCO,VNO
FCO,SXB
FCO,LYS
FCO,BOD
FCO,ATH
FCO,RTM
FCO,STR
FCO,TXL
FCO,DUB
FCO,LWO
FCO,GDN
FCO,BSL
FCO,SPU
FCO,DUS
FCO,MUC
FCO,MLA
FCO,MAD
FCO,LHR
FCO,LIS
FCO,LIN
FCO,KBP
FCO,IAS
FCO,GVA
FCO,GOA
FCO,FRA
FCO,FLR
FCO,CTA
FCO,CPH
FCO,CAG
FCO,BZO
FCO,BUD
FCO,BRU
FCO,BRI
FCO,BLQ
FCO,BIO
FCO,BEG
FCO,BDS
FCO,BCN
FCO,AOI
FCO,AMS
FCO,AGP
FCO,MXP
FCO,NAP
FCO,OPO
FCO,OTP
FCO,ARN
FCO,BGO
FCO,GOT
FCO,OSL
FCO,NCL
FCO,MAN
FCO,LBA
FCO,GLA
FCO,LGW
FCO,MSQ
FCO,ZRH
FCO,WAW
FCO,VRN
FCO,HEL
FCO,VLC
FCO,TRS
FCO,TRN
FCO,TIA
FCO,TGD
FCO,SUF
FCO,SOF
FCO,SKP
FCO,SKG
FCO,RIX
FCO,REG
FCO,PSA
FCO,PRG
FCO,PMO
FCO,VCE
FCO,DBV
FCO,LUX
FCO,SXF
FCO,LUZ
FCO,OLB
FCO,SAW
FCO,AHO
FCO,RZE
FCO,CDG
FCO,LCY
FCO,ORY
FCO,ALC
FCO,MPL
FCO,MRS
FCO,NTE
FCO,TLS
FCO,BRS
FCO,VIE
FCO,NCE
FDH,PMI
FDH,CGN
FDH,FRA
FDH,DUS
FDH,IBZ
FDH,HAM
FDH,AYT
FDH,OLB
FDH,TXL
FDH,ZAD
FDH,EBA
FKB,ALC
FKB,TXL
FKB,PMI
FKB,AGP
FKB,BRI
FKB,HAM
FKB,CIA
FKB,ZAD
FKB,CAG
FKB,STN
FKB,TPS
FKB,OPO
FKB,GRO
FKB,SKG
FLR,LYS
FLR,AMS
FLR,BHX
FLR,BRU
FLR,DUS
FLR,STR
FLR,ZRH
FLR,GVA
FLR,FCO
FLR,MUC
FLR,VIE
FLR,BOD
FLR,CDG
FLR,TXL
FLR,CPH
FLR,CAG
FLR,BRI
FLR,BCN
FLR,CTA
FLR,LGW
FLR,NTE
FLR,ORY
FLR,LCY
FLR,PMO
FLR,MAD
FLR,FRA
FMM,CHQ
FMM,ALC
FMM,NAP
FMM,IEV
FMM,TXL
FMM,HAM
FMM,BEG
FMM,DUB
FMM,GRO
FMM,OPO
FMM,PMI
FMM,SNN
FMM,STN
FMM,SKP
FMM,TPS
FMM,AGP
FMM,CLY
FMM,CIA
FMM,AHO
FMO,CFU
FMO,FRA
FMO,MUC
FMO,AYT
FMO,STR
FMO,ZRH
FMO,AGP
FMO,PMI
FMO,GRO
FMO,IBZ
FMO,BRE
FNC,BRS
FNC,LUX
FNC,PRG
FNC,FRA
FNC,OPO
FNC,AMS
FNC,DUS
FNC,LEJ
FNC,MUC
FNC,GLA
FNC,LGW
FNC,TXL
FNC,VIE
FNC,LIS
FNC,EMA
FNC,ZRH
FNC,MAN
FNC,ORY
FNC,BRU
FNC,BRE
FNC,BSL
FNC,HAM
FNC,STR
FNC,CGN
FNC,HAJ
FNC,LBA
FNC,BHX
FNI,CRL
FNI,LPL
FNI,LTN
FRA,SOF
FRA,VCE
FRA,SZG
FRA,SPU
FRA,RHO
FRA,KGS
FRA,FNC
FRA,DLM
FRA,DBV
FRA,CHQ
FRA,AYT
FRA,NAP
FRA,VLC
FRA,VNO
FRA,XRY
FRA,CPH
FRA,LUX
FRA,SAW
FRA,DUB
FRA,BRS
FRA,ABZ
FRA,FCO
FRA,LIN
FRA,AGP
FRA,BGO
FRA,ESB
FRA,BIA
FRA,CDG
FRA,MLA
FRA,TIA
FRA,TGD
FRA,LHR
FRA,ALC
FRA,BEG
FRA,CFU
FRA,CTA
FRA,GCI
FRA,HEL
FRA,IBZ
FRA,LCY
FRA,MAD
FRA,PMI
FRA,SKG
FRA,HER
FRA,ATH
FRA,KIV
FRA,RIX
FRA,TXL
FRA,VIE
FRA,TLL
FRA,LJU
FRA,GPA
FRA,MAH
FRA,PRN
FRA,ADB
FRA,HDF
FRA,BIO
FRA,BLL
FRA,BHX
FRA,BRE
FRA,MRS
FRA,MUC
FRA,BLQ
FRA,OSL
FRA,OTP
FRA,PRG
FRA,TLS
FRA,WAW
FRA,ZRH
FRA,KBP
FRA,KRK
FRA,KTW
FRA,LEJ
FRA,LNZ
FRA,LYS
FRA,MAN
FRA,NCE
FRA,NUE
FRA,OLB
FRA,OPO
FRA,PMO
FRA,POZ
FRA,PUY
FRA,RZE
FRA,STR
FRA,SVG
FRA,ZAG
FRA,ZAD
FRA,WRO
FRA,TRN
FRA,MPL
FRA,INN
FRA,MXP
FRA,MSQ
FRA,HAM
FRA,GVA
FRA,DUS
FRA,BUD
FRA,LIS
FRA,BRU
FRA,BCN
FRA,ARN
FRA,AMS
FRA,GOT
FRA,EDI
FRA,VRN
FRA,DRS
FRA,FLR
FRA,FMO
FRA,GDN
FRA,BSL
FRA,GRZ
FRA,GWT
FRA,HAJ
FRA,FDH
FRO,BGO
FRO,OSL
FRO,KSU
FRO,HOV
FSC,CRL
FSC,ORY
FSC,NTE
FSC,MRS
FSC,LIL
FSC,BOD
FSC,ANG
FSC,LUX
FSC,NCE
GCI,JER
GCI,NWI
GCI,EXT
GCI,BHX
GCI,STN
GCI,SOU
GCI,DUS
GCI,ACI
GCI,BRS
GCI,AMS
GCI,LGW
GCI,EMA
GCI,DNR
GCI,MAN
GDN,BRS
GDN,DUB
GDN,OSL
GDN,CPH
GDN,LBA
GDN,MAN
GDN,ORK
GDN,PSA
GDN,EDI
GDN,TXL
GDN,WMI
GDN,STN
GDN,RYG
GDN,AMS
GDN,BRU
GDN,HEL
GDN,KRK
GDN,LUZ
GDN,WRO
GDN,ZRH
GDN,BHX
GDN,WAW
GDN,LTN
GDN,TRF
GDN,CGN
GDN,DSA
GDN,DTM
GDN,EIN
GDN,FCO
GDN,GLA
GDN,BGY
GDN,GSE
GDN,KRS
GDN,LBC
GDN,MUC
GDN,MMX
GDN,FRA
GDN,LPL
GDN,HAU
GDN,BGO
GDN,BVA
GDN,AES
GDN,TRD
GDN,TKU
GDN,NYO
GDN,BCN
GDN,SVG
GEV,KRN
GEV,KRF
GEV,ARN
GEV,LLA
GIB,LHR
GIB,BHX
GIB,MAN
GIB,LTN
GIB,LGW
GLA,AYT
GLA,RHO
GLA,PMI
GLA,ALC
GLA,DLM
GLA,FCO
GLA,HER
GLA,BCN
GLA,IBZ
GLA,BJV
GLA,SYY
GLA,CDG
GLA,FNC
GLA,DUS
GLA,LCY
GLA,LGW
GLA,BEB
GLA,BHD
GLA,BHX
GLA,BRR
GLA,CAL
GLA,CFN
GLA,EMA
GLA,EXT
GLA,ILY
GLA,JER
GLA,KOI
GLA,LBA
GLA,LSI
GLA,MAN
GLA,SOU
GLA,LTN
GLA,TRE
GLA,AMS
GLA,ORK
GLA,BFS
GLA,BRS
GLA,AGP
GLA,STN
GLA,KGS
GLA,DUB
GLA,SXF
GLA,MLA
GLA,WAW
GLA,CWL
GLA,LHR
GLA,GDN
GLO,IOM
GNY,ADB
GNY,SAW
GNY,ESB
GOA,TPS
GOA,BRI
GOA,OLB
GOA,FCO
GOA,NAP
GOA,CTA
GOA,BCN
GOA,TIA
GOA,CAG
GOA,MUC
GOA,CRL
GOA,LGW
GOA,CDG
GOA,STN
GOA,PMO
GOT,OSL
GOT,SDL
GOT,BLE
GOT,AAR
GOT,NCE
GOT,LHR
GOT,DUS
GOT,MUC
GOT,MAN
GOT,LYS
GOT,FRA
GOT,LGW
GOT,BCN
GOT,BHX
GOT,SVG
GOT,CPH
GOT,CDG
GOT,RIX
GOT,FCO
GOT,AMS
GOT,BRU
GOT,BMA
GOT,ARN
GOT,TXL
GOT,SPU
GOT,ALC
GOT,HEL
GOT,AGP
GOT,PMI
GPA,DUS
GPA,FRA
GRO,NCL
GRO,EMA
GRO,FKB
GRO,FMM
GRO,FMO
GRO,GRQ
GRO,HHN
GRO,IBZ
GRO,KRK
GRO,TLL
GRO,LBA
GRO,LPP
GRO,LTN
GRO,MAN
GRO,MLA
GRO,MST
GRO,TPS
GRO,WRO
GRO,TMP
GRO,EIN
GRO,BLL
GRO,STN
GRO,LWO
GRO,IEV
GRO,BRU
GRO,AMS
GRO,RTM
GRO,AHO
GRO,BDS
GRO,BGY
GRO,BOH
GRO,BRE
GRO,DUB
GRO,BRS
GRO,BVA
GRO,CAG
GRO,CGN
GRO,CRL
GRO,DTM
GRO,PMI
GRO,POZ
GRO,PSA
GRO,PSR
GRO,SFT
GRO,SKG
GRO,BTS
GRO,NRN
GRQ,MST
GRQ,PMI
GRQ,GRO
GRX,PMI
GRX,MLN
GRX,MAD
GRX,BCN
GRX,LCY
GRZ,FRA
GRZ,TXL
GRZ,PMI
GRZ,HER
GRZ,ZRH
GRZ,AYT
GRZ,VIE
GRZ,DUS
GRZ,STR
GRZ,MUC
GSE,BGY
GSE,AGP
GSE,VBY
GSE,ALC
GSE,BEG
GSE,BUD
GSE,GDN
GSE,SKP
GSE,WAW
GSE,ZAD
GSE,TZL
GSE,BVA
GSE,CIA
GSE,EDI
GSE,AHO
GSE,MLA
GSE,MRS
GSE,STN
GSE,PSA
GSE,PMI
GVA,BIO
GVA,SEN
GVA,SPU
GVA,SVQ
GVA,VCE
GVA,LUX
GVA,CDG
GVA,MLA
GVA,ARN
GVA,CPH
GVA,SXF
GVA,SCQ
GVA,NAP
GVA,NTE
GVA,BRS
GVA,BUD
GVA,CAG
GVA,DBV
GVA,EDI
GVA,IBZ
GVA,ORY
GVA,JMK
GVA,LIL
GVA,LPL
GVA,BIA
GVA,BDS
GVA,LTN
GVA,MAN
GVA,LGW
GVA,AMS
GVA,OLB
GVA,BCN
GVA,FRA
GVA,BEG
GVA,DUB
GVA,AYT
GVA,KBP
GVA,BOD
GVA,LUG
GVA,DUS
GVA,HAM
GVA,OTP
GVA,BRU
GVA,ATH
GVA,OPO
GVA,JER
GVA,AGP
GVA,BIQ
GVA,PRN
GVA,LHR
GVA,PRG
GVA,AJA
GVA,OSL
GVA,STR
GVA,TLS
GVA,VLC
GVA,MAD
GVA,NCE
GVA,LCY
GVA,HER
GVA,CTA
GVA,ZRH
GVA,VIE
GVA,MRS
GVA,PMI
GVA,ALC
GVA,FCO
GVA,WAW
GVA,MSQ
GVA,LIS
GVA,HEL
GVA,FLR
GVA,MUC
GWT,MUC
GWT,DUS
GWT,TXL
GWT,ZRH
GWT,FRA
GWT,HAM
GWT,STR
GZP,ESB
GZP,SAW
GZP,CPH
GZP,HEL
GZP,OSL
GZT,ADB
GZT,ESB
GZT,SAW
HAA,TOS
HAA,HFT
HAD,ARN
HAD,BMA
HAD,JKG
HAD,VXO
HAJ,SKG
HAJ,BHX
HAJ,CDG
HAJ,MAN
HAJ,DUB
HAJ,LHR
HAJ,BCN
HAJ,VIE
HAJ,VCE
HAJ,SUF
HAJ,STR
HAJ,STN
HAJ,SPU
HAJ,CTA
HAJ,AYT
HAJ,DBV
HAJ,DLM
HAJ,SAW
HAJ,KGS
HAJ,RHO
HAJ,PRN
HAJ,PMI
HAJ,NAP
HAJ,MXP
HAJ,HER
HAJ,AGP
HAJ,MSQ
HAJ,FCO
HAJ,ZRH
HAJ,ADB
HAJ,JER
HAJ,AMS
HAJ,IBZ
HAJ,CFU
HAJ,FNC
HAJ,BRU
HAJ,FRA
HAJ,MUC
HAJ,CPH
HAJ,XRY
HAJ,MAH
HAM,FDH
HAM,MUC
HAM,ADB
HAM,SZG
HAM,RIX
HAM,KGS
HAM,MAH
HAM,HEL
HAM,DUS
HAM,AYT
HAM,ALC
HAM,VRN
HAM,ZRH
HAM,GWT
HAM,IBZ
HAM,AGP
HAM,SAW
HAM,VIE
HAM,KLU
HAM,LHR
HAM,MAD
HAM,MAN
HAM,MXP
HAM,NAP
HAM,HER
HAM,NCE
HAM,OLB
HAM,OSL
HAM,PMI
HAM,PRG
HAM,PRN
HAM,RJK
HAM,NUE
HAM,GVA
HAM,FMM
HAM,SPU
HAM,AMS
HAM,ARN
HAM,BCN
HAM,BGO
HAM,VCE
HAM,TLS
HAM,BIA
HAM,BUD
HAM,STR
HAM,CDG
HAM,CGN
HAM,CTA
HAM,DBV
HAM,FCO
HAM,FKB
HAM,SKG
HAM,BHX
HAM,CFU
HAM,CPH
HAM,EDI
HAM,LGW
HAM,LTN
HAM,BRU
HAM,BSL
HAM,FRA
HAM,SCN
HAM,LIS
HAM,BRS
HAM,WAW
HAM,BRN
HAM,MLA
HAM,DLM
HAM,DUB
HAM,FNC
HAM,RHO
HAM,XRY
HAM,ATH
HAU,AGP
HAU,BRE
HAU,PSA
HAU,GDN
HAU,CPH
HAU,ZAD
HAU,OSL
HAU,ALC
HAU,STN
HAU,BGO
HDF,STR
HDF,DTM
HDF,DUS
HDF,FRA
HDF,CGN
HEL,BCN
HEL,LIS
HEL,LJU
HEL,MHQ
HEL,MSQ
HEL,GDN
HEL,AYT
HEL,ARN
HEL,TXL
HEL,MAD
HEL,BMA
HEL,KEM
HEL,BUD
HEL,KAO
HEL,KAJ
HEL,JYV
HEL,JOE
HEL,IVL
HEL,GZP
HEL,GVA
HEL,GOT
HEL,FCO
HEL,DBV
HEL,CPH
HEL,KRK
HEL,AMS
HEL,CDG
HEL,KUO
HEL,KOK
HEL,BRU
HEL,ADB
HEL,OUL
HEL,PRG
HEL,VNO
HEL,VAA
HEL,FRA
HEL,TMP
HEL,TLL
HEL,HAM
HEL,MUC
HEL,MXP
HEL,KBP
HEL,VIE
HEL,ZRH
HEL,RIX
HEL,RVN
HEL,SVL
HEL,POR
HEL,TAY
HEL,AGP
HEL,OSL
HEL,TKU
HEL,PMI
HEL,ALC
HEL,ATH
HEL,BOJ
HEL,CHQ
HEL,DUB
HEL,LGW
HEL,ORY
HEL,NCE
HEL,SPU
HEL,WAW
HEL,NRK
HEL,MAN
HEL,LHR
HEL,DUS
HER,ATH
HER,DRS
HER,BOD
HER,CDG
HER,BRU
HER,BSL
HER,GVA
HER,KBP
HER,LEJ
HER,KGS
HER,MJT
HER,TXL
HER,STR
HER,HAM
HER,HAJ
HER,GRZ
HER,DUS
HER,FRA
HER,EMA
HER,ZRH
HER,SZG
HER,NUE
HER,LNZ
HER,CGN
HER,MRS
HER,GRQ
HER,RHO
HER,SXF
HER,PRG
HER,LIL
HER,JIK
HER,MAN
HER,LUX
HER,BHX
HER,LGW
HER,MUC
HER,NTE
HER,ORY
HER,MXP
HER,LTN
HER,LYS
HER,BRS
HER,SKG
HER,VIE
HER,VNO
HER,TLL
HER,AMS
HER,EDI
HER,NCL
HER,RIX
HER,LBA
HER,GLA
HER,RTM
HFS,TYF
HFS,ARN
HFT,BVG
HFT,HAA
HFT,ALF
HFT,SOJ
HFT,MEH
HFT,HVG
HFT,TOS
HHN,KIR
HHN,GRO
HHN,IBZ
HHN,KUN
HHN,CHQ
HHN,AGP
HHN,EDI
HHN,AHO
HHN,ALC
HHN,BGY
HHN,LIS
HHN,BRI
HHN,DUB
HHN,CIY
HHN,CIA
HHN,CAG
HHN,MPL
HHN,KTW
HHN,PUY
HHN,SCQ
HHN,RIX
HHN,STN
HHN,SOF
HHN,SUF
HHN,REU
HHN,BUD
HHN,TMP
HHN,VLC
HHN,SDR
HHN,PSR
HHN,PSA
HHN,SKG
HHN,XRY
HHN,SKP
HHN,VOL
HHN,TPS
HHN,ZAD
HHN,TSF
HHN,OPO
HHN,PDV
HHN,PMI
HMV,VHM
HOV,SOG
HOV,OSL
HOV,FRO
HOV,BGO
HRK,SAW
HRK,KBP
HRK,VIE
HRK,WAW
HTY,SAW
HTY,ESB
HTY,ADB
HUY,JER
HUY,NWI
HUY,AMS
HUY,ABZ
HVG,BVG
HVG,MEH
HVG,HFT
IAS,OTP
IAS,FCO
IAS,TRN
IAS,BLQ
IAS,LTN
IAS,VIE
IBZ,LCY
IBZ,PIK
IBZ,PSA
IBZ,STN
IBZ,VLC
IBZ,MAN
IBZ,DUB
IBZ,ORY
IBZ,BIO
IBZ,ALC
IBZ,LUX
IBZ,LGW
IBZ,BSL
IBZ,FMO
IBZ,BRE
IBZ,FRA
IBZ,HAJ
IBZ,HAM
IBZ,LTN
IBZ,MUC
IBZ,SEN
IBZ,MXP
IBZ,GVA
IBZ,NUE
IBZ,PAD
IBZ,PMI
IBZ,FDH
IBZ,MRS
IBZ,LPL
IBZ,LBA
IBZ,AMS
IBZ,NCL
IBZ,MAD
IBZ,CGN
IBZ,DUS
IBZ,ZRH
IBZ,STR
IBZ,TXL
IBZ,MAH
IBZ,BRU
IBZ,AGP
IBZ,BCN
IBZ,BGY
IBZ,BHX
IBZ,BLQ
IBZ,BOH
IBZ,BRS
IBZ,CIA
IBZ,RTM
IBZ,GLA
IBZ,BRN
IBZ,CRL
IBZ,EIN
IBZ,EMA
IBZ,GRO
IBZ,HHN
IBZ,LHR
IBZ,NRN
IEV,BCN
IEV,VLC
IEV,BUD
IEV,LTN
IEV,CGN
IEV,VNO
IEV,UDJ
IEV,DTM
IEV,OZH
IEV,BGY
IEV,FMM
IEV,ATH
IEV,GRO
IEV,KTW
IEV,TSF
IFO,KBP
IGD,ESB
ILD,PMI
ILY,GLA
INN,VIE
INN,AMS
INN,EIN
INN,PMI
INN,FRA
INN,LGW
INV,LTN
INV,KOI
INV,LGW
INV,LSI
INV,BRS
INV,SYY
INV,BHD
INV,EDI
INV,BHX
INV,MAN
INV,AMS
IOA,ATH
IOM,DUB
IOM,LCY
IOM,BHD
IOM,BLK
IOM,GLO
IOM,MAN
IOM,LPL
IOM,BHX
IOM,LGW
IOM,NCL
ISC,LEQ
ISC,EXT
ISC,NQY
IVL,KTT
JER,LBA
JER,STN
JER,HAJ
JER,EMA
JER,LGW
JER,ZRH
JER,LCY
JER,GVA
JER,CDG
JER,EDI
JER,STR
JER,ORK
JER,DUB
JER,BRS
JER,AMS
JER,DUS
JER,FRA
JER,BHX
JER,EXT
JER,CWL
JER,SEN
JER,GLA
JER,HUY
JER,GCI
JER,NWI
JER,MAN
JER,SOU
JER,LPL
JER,NCL
JER,DSA
JIK,LXS
JIK,ATH
JKG,HAD
JKG,ARN
JKH,MJT
JKH,SKG
JKH,ATH
JKH,RHO
JKL,ATH
JKL,KGS
JKL,LRS
JMK,GVA
JMK,LGW
JMK,CGN
JMK,VIE
JMK,MXP
JMK,ATH
JMK,MAN
JMK,JTR
JMK,LHR
JNX,ATH
JOE,HEL
JSH,PVK
JSH,ATH
JSH,KSJ
JSH,AXD
JSI,ATH
JSY,ATH
JTR,VOL
JTR,VIE
JTR,CGN
JTR,VCE
JTR,LHR
JTR,AMS
JTR,BRU
JTR,ATH
JTR,MAN
JTR,LGW
JTY,ATH
JTY,LRS
JYV,HEL
JYV,KEM
KAJ,HEL
KAO,HEL
KBP,SIP
KBP,AYT
KBP,BCN
KBP,VIE
KBP,FRA
KBP,ZRH
KBP,FCO
KBP,UKS
KBP,MAD
KBP,MUC
KBP,PRG
KBP,OSL
KBP,DOK
KBP,TXL
KBP,GVA
KBP,HEL
KBP,HER
KBP,HRK
KBP,IFO
KBP,LGW
KBP,LIS
KBP,LWO
KBP,MXP
KBP,NCE
KBP,ODS
KBP,RHO
KBP,SAW
KBP,KIV
KBP,AMS
KBP,BRU
KBP,ATH
KBP,WAW
KBP,MSQ
KBP,NAP
KBP,RIX
KBP,VNO
KBP,LHR
KBP,CDG
KBP,TLL
KBP,DNK
KCM,SAW
KCM,ESB
KCO,ESB
KEM,HEL
KGS,GLA
KGS,LUX
KGS,STR
KGS,SXF
KGS,JKL
KGS,BSL
KGS,BRU
KGS,AMS
KGS,DUS
KGS,MAN
KGS,ATH
KGS,HAM
KGS,BGY
KGS,KRK
KGS,KUN
KGS,LBA
KGS,LGW
KGS,RYG
KGS,LPL
KGS,LEJ
KGS,CGN
KGS,MUC
KGS,TXL
KGS,RHO
KGS,FRA
KGS,HAJ
KGS,STN
KID,ARN
KIR,STN
KIR,LTN
KIR,HHN
KIR,ALC
KIR,DUB
KIT,KLX
KIT,ATH
KIT,ZTH
KIV,FRA
KIV,TSF
KIV,KBP
KIV,LIS
KIV,MXP
KIV,OTP
KIV,STN
KIV,VCE
KIV,VRN
KIV,RIX
KIV,CIA
KIV,VIE
KIV,DUB
KIV,MUC
KIV,BLQ
KIV,ATH
KIV,FCO
KIV,BVA
KKN,OSL
KKN,ALF
KKN,LKL
KKN,VDS
KKN,VAW
KKN,TOS
KLR,ARN
KLR,BMA
KLU,CGN
KLU,TXL
KLU,HAM
KLU,VIE
KLX,DUS
KLX,AMS
KLX,SKG
KLX,MUC
KLX,LGW
KLX,ARN
KLX,VIE
KOI,LSI
KOI,PPW
KOI,EOI
KOI,NDY
KOI,NRL
KOI,SOY
KOI,WRY
KOI,EDI
KOI,ABZ
KOI,INV
KOI,GLA
KOK,HEL
KOK,POR
KRF,GEV
KRF,ARN
KRK,BSL
KRK,STR
KRK,HEL
KRK,ALC
KRK,TRD
KRK,SVG
KRK,OSL
KRK,CPH
KRK,TXL
KRK,BGO
KRK,ARN
KRK,NCL
KRK,BGY
KRK,CDG
KRK,BLQ
KRK,NYO
KRK,PSA
KRK,RYG
KRK,BHX
KRK,STN
KRK,TPS
KRK,FRA
KRK,MUC
KRK,VIE
KRK,WAW
KRK,BFS
KRK,AMS
KRK,GDN
KRK,ZRH
KRK,BRS
KRK,SEN
KRK,LGW
KRK,MLA
KRK,MAN
KRK,SNN
KRK,AGP
KRK,LPL
KRK,LBA
KRK,BVA
KRK,CAG
KRK,CIA
KRK,CRL
KRK,DTM
KRK,DUB
KRK,EDI
KRK,EIN
KRK,MAD
KRK,KGS
KRK,GRO
KRK,EMA
KRN,GEV
KRN,ARN
KRP,CPH
KRS,GDN
KRS,BGO
KRS,AMS
KRS,SVG
KRS,OSL
KRS,ALC
KRS,TRD
KRS,CPH
KSC,VIE
KSC,LTN
KSC,PRG
KSC,BTS
KSD,ARN
KSD,ALC
KSF,PMI
KSF,AYT
KSJ,AOK
KSJ,JSH
KSO,ATH
KSU,BGO
KSU,MOL
KSU,OSL
KSU,TRD
KSU,ABZ
KSU,SVG
KSY,ESB
KSY,SAW
KTT,HEL
KTW,WAW
KTW,FRA
KTW,CGN
KTW,BGY
KTW,DTM
KTW,EIN
KTW,STN
KTW,BVA
KTW,DUB
KTW,BCN
KTW,CHQ
KTW,BHX
KTW,ALC
KTW,IEV
KTW,CIA
KTW,BGO
KTW,TRF
KTW,DUS
KTW,HHN
KTW,LTN
KTW,MMX
KTW,NAP
KTW,NYO
KTW,SVG
KTW,DSA
KUN,LTN
KUN,BHX
KUN,CIY
KUN,LGW
KUN,BRS
KUN,CAG
KUN,DUB
KUN,EDI
KUN,HHN
KUN,KGS
KUN,ALC
KUN,MLA
KUN,RHO
KUN,PMI
KUN,RYG
KUN,STN
KUN,TPS
KUN,NOC
KUO,HEL
KVA,MUC
KVA,DUS
KVA,ATH
KVA,CGN
KVA,STR
KYA,SAW
KZS,RHO
LAI,ORY
LBA,MJV
LBA,MPL
LBA,CHQ
LBA,PSA
LBA,KRK
LBA,CFU
LBA,TSF
LBA,BGY
LBA,KGS
LBA,IBZ
LBA,GRO
LBA,ALC
LBA,AGP
LBA,MLA
LBA,LIG
LBA,PMI
LBA,BHD
LBA,CPH
LBA,AMS
LBA,AYT
LBA,LHR
LBA,ABZ
LBA,ZTH
LBA,VCE
LBA,RHO
LBA,PRG
LBA,NCE
LBA,MAH
LBA,JER
LBA,DUB
LBA,CDG
LBA,GLA
LBA,GDN
LBA,FNC
LBA,FCO
LBA,DUS
LBA,DLM
LBA,DBV
LBA,HER
LBA,BUD
LBA,BJV
LBA,BCN
LBA,SOU
LBC,PSA
LBC,GDN
LBC,BGY
LBC,PMI
LCG,LIS
LCG,MAD
LCG,SVQ
LCG,LHR
LCG,BCN
LCG,BIO
LCY,FRA
LCY,FLR
LCY,LIN
LCY,NTE
LCY,BSL
LCY,BRN
LCY,AGP
LCY,BLL
LCY,ABZ
LCY,LUX
LCY,ZRH
LCY,GVA
LCY,JER
LCY,ARN
LCY,RTM
LCY,DUS
LCY,GLA
LCY,AMS
LCY,ANR
LCY,BES
LCY,BVE
LCY,DOL
LCY,DRS
LCY,DUB
LCY,EDI
LCY,FCO
LCY,PMI
LCY,NCE
LCY,MAH
LCY,MAD
LCY,IOM
LCY,IBZ
LCY,GRX
LCY,VCE
LCY,ORY
LDE,MAD
LDE,ORY
LDE,BRU
LDE,STN
LDE,BGY
LDY,STN
LDY,PIK
LDY,LPL
LDY,BHX
LEH,LYS
LEI,MAN
LEI,PMI
LEI,BRU
LEI,BHX
LEI,LGW
LEI,SVQ
LEI,MLN
LEI,CRL
LEI,EMA
LEI,AMS
LEI,NRN
LEI,DUB
LEI,STN
LEI,MAD
LEI,BCN
LEJ,DUS
LEJ,CGN
LEJ,PMI
LEJ,HER
LEJ,FNC
LEJ,AYT
LEJ,BCN
LEJ,STR
LEJ,KGS
LEJ,CFU
LEJ,STN
LEJ,VIE
LEJ,BRE
LEJ,RHO
LEJ,ZRH
LEJ,CDG
LEJ,FRA
LEJ,AMS
LEJ,MUC
LEN,BCN
LEQ,ISC
LGG,LIL
LGG,HER
LGG,AJA
LGG,RHO
LGG,BIA
LGG,PMI
LGW,PRG
LGW,OTP
LGW,NTE
LGW,NCL
LGW,AGP
LGW,SCQ
LGW,SOF
LGW,SXB
LGW,SXF
LGW,ALC
LGW,LIS
LGW,VIE
LGW,AMS
LGW,HEL
LGW,IBZ
LGW,JTR
LGW,NOC
LGW,DUB
LGW,BHD
LGW,KBP
LGW,OSL
LGW,PMI
LGW,SPU
LGW,SVG
LGW,TOS
LGW,TRD
LGW,TRF
LGW,ZRH
LGW,ZAG
LGW,VLC
LGW,TLL
LGW,TLS
LGW,BCN
LGW,BRI
LGW,MJV
LGW,MAD
LGW,BIA
LGW,BLQ
LGW,BRU
LGW,BSL
LGW,CDG
LGW,CGN
LGW,DUS
LGW,MPL
LGW,EFL
LGW,GVA
LGW,HAM
LGW,INN
LGW,INV
LGW,IOM
LGW,KLX
LGW,KRK
LGW,LEI
LGW,LIN
LGW,GIB
LGW,MRS
LGW,BFS
LGW,ATH
LGW,DBV
LGW,EDI
LGW,FCO
LGW,GLA
LGW,GOA
LGW,JER
LGW,MLA
LGW,NAP
LGW,NCE
LGW,NQY
LGW,MXP
LGW,OLB
LGW,PSA
LGW,SKG
LGW,TIA
LGW,TRN
LGW,VCE
LGW,VRN
LGW,MUC
LGW,ABZ
LGW,AJA
LGW,BOD
LGW,GOT
LGW,KUN
LGW,LUX
LGW,ERF
LGW,MSQ
LGW,ADB
LGW,BJV
LGW,CFU
LGW,CHQ
LGW,FNC
LGW,HER
LGW,JMK
LGW,PRN
LGW,AAL
LGW,ARN
LGW,BGO
LGW,KGS
LGW,CPH
LGW,PVK
LGW,RHO
LGW,BUD
LGW,OPO
LGW,ZTH
LGW,AES
LGW,SZG
LGW,MAH
LGW,LYS
LGW,PMO
LGW,FLR
LGW,SAW
LGW,DLM
LGW,AYT
LGW,SVQ
LGW,TIV
LGW,ORK
LGW,SNN
LGW,RIX
LGW,CTA
LGW,GCI
LHR,OTP
LHR,OSL
LHR,NCL
LHR,NCE
LHR,MXP
LHR,MUC
LHR,MRS
LHR,MAN
LHR,LYS
LHR,LUX
LHR,LIS
LHR,GOT
LHR,LIN
LHR,DUS
LHR,EDI
LHR,FCO
LHR,PRG
LHR,FRA
LHR,LBA
LHR,HEL
LHR,HAJ
LHR,GVA
LHR,LCG
LHR,GIB
LHR,GLA
LHR,PSA
LHR,ORY
LHR,SOF
LHR,DUB
LHR,BCN
LHR,ARN
LHR,BEG
LHR,AMS
LHR,OPO
LHR,AGP
LHR,ABZ
LHR,BGO
LHR,MAD
LHR,KBP
LHR,JTR
LHR,RTM
LHR,BHD
LHR,BIO
LHR,BLQ
LHR,BRU
LHR,BSL
LHR,BUD
LHR,CDG
LHR,ZRH
LHR,ZAG
LHR,WAW
LHR,VCE
LHR,TLS
LHR,SVG
LHR,PMI
LHR,VIE
LHR,CPH
LHR,JMK
LHR,RJK
LHR,SPU
LHR,IBZ
LHR,MLA
LHR,STR
LHR,HAM
LHR,CGN
LHR,ATH
LHR,TXL
LHR,ORK
LHR,SNN
LIG,BRS
LIG,EMA
LIG,ORY
LIG,NCE
LIG,LPL
LIG,AVN
LIG,LYS
LIG,LBA
LIG,SOU
LIG,STN
LIL,MRS
LIL,LGG
LIL,HER
LIL,OPO
LIL,RHO
LIL,SPU
LIL,DBV
LIL,CFU
LIL,AJA
LIL,BIA
LIL,BIQ
LIL,BOD
LIL,VCE
LIL,BCN
LIL,FSC
LIL,LYS
LIL,NCE
LIL,MPL
LIL,GVA
LIL,NTE
LIL,SXB
LIL,TLS
LIN,NAP
LIN,CDG
LIN,CTA
LIN,BRI
LIN,OLB
LIN,LCY
LIN,MLA
LIN,DUB
LIN,MAD
LIN,TXL
LIN,AMS
LIN,ORY
LIN,PMO
LIN,ARN
LIN,LGW
LIN,CPH
LIN,VIE
LIN,TRS
LIN,SUF
LIN,REG
LIN,PSR
LIN,PRG
LIN,OTP
LIN,FRA
LIN,FCO
LIN,LHR
LIN,CIY
LIN,WAW
LIN,BRU
LIN,CAG
LIN,BDS
LIN,BCN
LIN,AHO
LIS,LHR
LIS,OTP
LIS,BCN
LIS,NCE
LIS,LYS
LIS,LCG
LIS,MAD
LIS,ORY
LIS,PXO
LIS,FRA
LIS,PRG
LIS,ORK
LIS,DUB
LIS,DUS
LIS,BUD
LIS,BOD
LIS,KBP
LIS,OPO
LIS,AGP
LIS,SXF
LIS,VCE
LIS,VIE
LIS,CDG
LIS,BVA
LIS,DLE
LIS,KIV
LIS,HHN
LIS,ZRH
LIS,HAM
LIS,HEL
LIS,GVA
LIS,BRU
LIS,AMS
LIS,MAN
LIS,MRS
LIS,BLQ
LIS,FCO
LIS,PSA
LIS,MXP
LIS,TLS
LIS,STN
LIS,NTE
LIS,CPH
LIS,BRS
LIS,STR
LIS,LPL
LIS,LTN
LIS,EIN
LIS,CGN
LIS,SVQ
LIS,VLC
LIS,OSL
LIS,BSL
LIS,MUC
LIS,EDI
LIS,WAW
LIS,ARN
LIS,BIO
LIS,LUX
LIS,FNC
LIS,LGW
LJU,TGD
LJU,FRA
LJU,CPH
LJU,BRU
LJU,LTN
LJU,STN
LJU,HEL
LJU,ZRH
LJU,WAW
LJU,VIE
LJU,AMS
LJU,SJJ
LJU,TIA
LJU,SKP
LJU,MUC
LJU,PRN
LJU,CDG
LJU,BEG
LJU,CRL
LJU,PRG
LKL,TOS
LKN,BOO
LKN,SVJ
LKN,RET
LLA,PJA
LLA,SDL
LLA,UME
LLA,ARN
LLA,GEV
LMP,VCE
LMP,PMO
LMP,CTA
LNZ,PMI
LNZ,HER
LNZ,VIE
LNZ,AYT
LNZ,DUS
LNZ,FRA
LNZ,STN
LNZ,SZG
LPI,CPH
LPI,AMS
LPL,WMI
LPL,MLA
LPL,LIG
LPL,SNN
LPL,IOM
LPL,POZ
LPL,LDY
LPL,KRK
LPL,KGS
LPL,IBZ
LPL,VNO
LPL,FNI
LPL,DUB
LPL,CCF
LPL,BTS
LPL,PMI
LPL,ORK
LPL,OPO
LPL,BCN
LPL,NOC
LPL,ALC
LPL,EGC
LPL,RHO
LPL,AGP
LPL,MAD
LPL,SZZ
LPL,SXF
LPL,NCE
LPL,NAP
LPL,AMS
LPL,LIS
LPL,WAW
LPL,GDN
LPL,JER
LPL,GVA
LPL,CDG
LPL,BJV
LPL,REU
LPL,BFS
LPL,PSA
LPL,WRO
LPL,TRF
LPP,NRN
LPP,BGY
LPP,GRO
LPY,ORY
LRH,CRL
LRH,ORY
LRH,SOU
LRH,STN
LRH,EMA
LRH,DUB
LRH,PIS
LRH,OPO
LRS,JTY
LRS,ATH
LRS,JKL
LRT,LYS
LRT,ORY
LSI,ABZ
LSI,EDI
LSI,GLA
LSI,INV
LSI,KOI
LTN,NOC
LTN,CTA
LTN,DTM
LTN,EDI
LTN,GLA
LTN,AHO
LTN,BTS
LTN,GVA
LTN,BZR
LTN,DUB
LTN,FNI
LTN,GRO
LTN,KIR
LTN,KUN
LTN,HAM
LTN,CFU
LTN,CDG
LTN,BCN
LTN,BOD
LTN,AGP
LTN,AYT
LTN,DLM
LTN,IBZ
LTN,PMI
LTN,NAP
LTN,MAH
LTN,GIB
LTN,FCO
LTN,BJV
LTN,IAS
LTN,ABZ
LTN,ALC
LTN,AMS
LTN,HER
LTN,BUD
LTN,INV
LTN,MXP
LTN,MAD
LTN,OTP
LTN,LUZ
LTN,LJU
LTN,KTW
LTN,KSC
LTN,IEV
LTN,MJV
LTN,GDN
LTN,DEB
LTN,CRA
LTN,CLJ
LTN,BOJ
LTN,BEG
LTN,RZE
LTN,REU
LTN,LIS
LTN,PRG
LTN,POZ
LTN,SKP
LTN,MPL
LTN,MLA
LTN,NCE
LTN,PSA
LTN,SXF
LTN,VCE
LTN,ZRH
LTN,RIX
LTN,BFS
LTN,WRO
LTN,WAW
LTN,VNO
LTN,VAR
LTN,TSR
LTN,TGM
LTN,SOF
LUG,ZRH
LUG,GVA
LUX,DUS
LUX,HER
LUX,BCN
LUX,SCN
LUX,RHO
LUX,PMI
LUX,OPO
LUX,NCE
LUX,NAP
LUX,MUC
LUX,MLA
LUX,MAD
LUX,LIS
LUX,LCY
LUX,KGS
LUX,IBZ
LUX,GVA
LUX,FSC
LUX,FRA
LUX,FNC
LUX,AMS
LUX,ADB
LUX,AGP
LUX,AJA
LUX,ARN
LUX,AYT
LUX,TXL
LUX,BIA
LUX,CFU
LUX,CLY
LUX,CPH
LUX,CTA
LUX,DBV
LUX,DUB
LUX,CAG
LUX,VAR
LUX,LGW
LUX,VIE
LUX,CDG
LUX,XRY
LUX,LHR
LUX,MXP
LUX,FCO
LUX,ZRH
LUZ,MXP
LUZ,GDN
LUZ,FCO
LUZ,TRF
LUZ,LTN
LUZ,STN
LWO,WAW
LWO,MUC
LWO,TSF
LWO,VIE
LWO,BGY
LWO,DTM
LWO,FCO
LWO,NAP
LWO,VLC
LWO,GRO
LWO,SAW
LWO,KBP
LXS,JIK
LXS,MJT
LXS,SKG
LXS,ATH
LYC,ARN
LYC,AJR
LYS,CDG
LYS,HER
LYS,MUC
LYS,OPO
LYS,LIS
LYS,FRA
LYS,SPU
LYS,VIE
LYS,TLS
LYS,AJA
LYS,ADB
LYS,ORY
LYS,NCE
LYS,MLA
LYS,AMS
LYS,BHX
LYS,DUS
LYS,DUB
LYS,BIA
LYS,CTA
LYS,ATH
LYS,EDI
LYS,STN
LYS,PUF
LYS,SXF
LYS,SXB
LYS,VCE
LYS,LHR
LYS,ZRH
LYS,LIG
LYS,LRT
LYS,SVQ
LYS,PMI
LYS,MAD
LYS,BCN
LYS,AGP
LYS,LGW
LYS,LEH
LYS,PRG
LYS,PIS
LYS,RNS
LYS,MXP
LYS,BLQ
LYS,BIQ
LYS,BES
LYS,NTE
LYS,CFE
LYS,CFR
LYS,BOD
LYS,ETZ
LYS,FLR
LYS,GOT
LYS,LIL
LYS,MPL
LYS,MRS
LYS,FCO
LYS,BRU
MAD,RTM
MAD,EIN
MAD,SXF
MAD,LGW
MAD,LPL
MAD,LTN
MAD,BJZ
MAD,LUX
MAD,EDI
MAD,BSL
MAD,XRY
MAD,AGP
MAD,OTP
MAD,TSR
MAD,NTE
MAD,OVD
MAD,PNA
MAD,PRG
MAD,RJL
MAD,SDR
MAD,SVQ
MAD,SXB
MAD,TLS
MAD,TRN
MAD,WAW
MAD,AMS
MAD,VCE
MAD,CLJ
MAD,BRS
MAD,NCE
MAD,MLN
MAD,ALC
MAD,ARN
MAD,BIO
MAD,BOD
MAD,EAS
MAD,FLR
MAD,GRX
MAD,KBP
MAD,LDE
MAD,LEI
MAD,LIN
MAD,LIS
MAD,LYS
MAD,MAH
MAD,MJV
MAD,MXP
MAD,SAW
MAD,MRS
MAD,BUD
MAD,ZRH
MAD,TXL
MAD,MUC
MAD,GVA
MAD,FRA
MAD,PSA
MAD,BRU
MAD,HEL
MAD,PMO
MAD,VGO
MAD,FCO
MAD,IBZ
MAD,LCG
MAD,PMI
MAD,RYG
MAD,SCQ
MAD,STN
MAD,LHR
MAD,VLC
MAD,OPO
MAD,VIE
MAD,MAN
MAD,CPH
MAD,ATH
MAD,BCN
MAD,DUB
MAD,SOF
MAD,AHO
MAD,MLA
MAD,BLQ
MAD,BVA
MAD,BGY
MAD,CIA
MAD,KRK
MAD,CAG
MAD,CTA
MAD,ORY
MAD,LCY
MAD,DUS
MAD,CDG
MAD,CRL
MAD,HAM
MAH,MAD
MAH,EMA
MAH,VLC
MAH,GRO
MAH,BRU
MAH,LCY
MAH,BCN
MAH,LGW
MAH,TXL
MAH,MAN
MAH,PMI
MAH,MUC
MAH,DUS
MAH,CGN
MAH,LBA
MAH,BHX
MAH,LTN
MAH,NCL
MAH,EDI
MAH,STR
MAH,FRA
MAH,HAJ
MAH,HAM
MAN,JMK
MAN,INV
MAN,WAT
MAN,SOU
MAN,SKG
MAN,NWI
MAN,NQY
MAN,IOM
MAN,JER
MAN,MXP
MAN,GVA
MAN,NOC
MAN,BSL
MAN,ADB
MAN,BFS
MAN,BLL
MAN,GOT
MAN,ABZ
MAN,BHD
MAN,DUS
MAN,EDI
MAN,EXT
MAN,CTA
MAN,JTR
MAN,LEI
MAN,NAP
MAN,PVK
MAN,VRN
MAN,NTE
MAN,GLA
MAN,AYT
MAN,CDG
MAN,BIO
MAN,IBZ
MAN,GCI
MAN,BRU
MAN,RZE
MAN,TLL
MAN,TPS
MAN,VLC
MAN,WMI
MAN,ZAD
MAN,VIE
MAN,VCE
MAN,TLS
MAN,SPU
MAN,RHO
MAN,PUY
MAN,PSA
MAN,AMS
MAN,PRG
MAN,NCE
MAN,MAH
MAN,KGS
MAN,HER
MAN,FNC
MAN,FCO
MAN,DLM
MAN,DBV
MAN,BJV
MAN,MLA
MAN,FRA
MAN,MUC
MAN,RYG
MAN,RIX
MAN,REU
MAN,MJV
MAN,ZTH
MAN,CPH
MAN,BGO
MAN,ARN
MAN,OSL
MAN,SVG
MAN,DUB
MAN,ORK
MAN,SNN
MAN,SOF
MAN,ZRH
MAN,AGP
MAN,ALC
MAN,PMI
MAN,BCN
MAN,BLQ
MAN,BRE
MAN,BUD
MAN,BVA
MAN,BZR
MAN,CFU
MAN,CIA
MAN,CRL
MAN,GDN
MAN,GRO
MAN,KRK
MAN,LIS
MAN,MAD
MAN,BGY
MAN,SXF
MAN,HAJ
MAN,LHR
MAN,GIB
MAN,HEL
MAN,HAM
MAN,CGN
MAN,ATH
MEH,ALF
MEH,BVG
MEH,HFT
MEH,HVG
MEH,VDS
MHG,TXL
MHQ,TKU
MHQ,HEL
MHQ,ARN
MJF,MQN
MJF,OSY
MJF,SSJ
MJF,TRD
MJF,BOO
MJT,LXS
MJT,JKH
MJT,MUC
MJT,DUS
MJT,ATH
MJT,AMS
MJT,SKG
MJT,RHO
MJV,OSL
MJV,BOH
MJV,DUB
MJV,NCL
MJV,EDI
MJV,BFS
MJV,LGW
MJV,BRS
MJV,LBA
MJV,LTN
MJV,MAN
MJV,PIK
MJV,STN
MJV,BHX
MJV,EMA
MJV,EIN
MJV,MAD
MLA,NTE
MLA,BHX
MLA,BLL
MLA,BLQ
MLA,BOH
MLA,BRI
MLA,BRS
MLA,DUB
MLA,EDI
MLA,EIN
MLA,GRO
MLA,GSE
MLA,KRK
MLA,KUN
MLA,LBA
MLA,LPL
MLA,LTN
MLA,MAD
MLA,MRS
MLA,NYO
MLA,PSA
MLA,RYG
MLA,STN
MLA,TPS
MLA,TRN
MLA,LGW
MLA,ZRH
MLA,TXL
MLA,SAW
MLA,DUS
MLA,CWL
MLA,BUD
MLA,BRU
MLA,ATH
MLA,EMA
MLA,BGY
MLA,TLS
MLA,ORY
MLA,LYS
MLA,CDG
MLA,EXT
MLA,VIE
MLA,FRA
MLA,GLA
MLA,GVA
MLA,HAM
MLA,LHR
MLA,MAN
MLA,MUC
MLA,NCL
MLA,NWI
MLA,PRG
MLA,RIX
MLA,BFS
MLA,TSF
MLA,WRO
MLA,PIK
MLA,AMS
MLA,FCO
MLA,LUX
MLA,BCN
MLA,ARN
MLA,CPH
MLA,OSL
MLA,LIN
MLA,CTA
MLN,LEI
MLN,AGP
MLN,MAD
MLN,GRX
MLO,ATH
MLX,ESB
MLX,SAW
MME,ABZ
MME,AMS
MMX,ARN
MMX,ORB
MMX,TZL
MMX,SKP
MMX,KTW
MMX,GDN
MMX,BUD
MMX,STN
MMX,BEG
MMX,WAW
MMX,AGP
MMX,VBY
MMX,BMA
MOL,KSU
MOL,CPH
MOL,SRP
MOL,OSL
MOL,ALC
MOL,BGO
MPL,AJA
MPL,FRA
MPL,ORY
MPL,FCO
MPL,CDG
MPL,NTE
MPL,DUS
MPL,SXB
MPL,BSL
MPL,CRL
MPL,LYS
MPL,LTN
MPL,LIL
MPL,HHN
MPL,RTM
MPL,LGW
MPL,LBA
MQM,ADB
MQM,ESB
MQM,SAW
MQN,TRD
MQN,RVK
MQN,MJF
MQN,BOO
MRS,BRU
MRS,TLS
MRS,HER
MRS,DUB
MRS,FRA
MRS,GVA
MRS,ETZ
MRS,ATH
MRS,SAW
MRS,VCE
MRS,BCN
MRS,LHR
MRS,AGB
MRS,PUF
MRS,TXL
MRS,BOD
MRS,PRG
MRS,EDI
MRS,EIN
MRS,GSE
MRS,IBZ
MRS,LIS
MRS,MAD
MRS,MLA
MRS,OPO
MRS,CTA
MRS,PMI
MRS,STN
MRS,SVQ
MRS,TUF
MRS,VLC
MRS,WMI
MRS,ZAD
MRS,RNS
MRS,MUC
MRS,PMO
MRS,CRL
MRS,LYS
MRS,CHQ
MRS,MXP
MRS,LIL
MRS,FSC
MRS,CIA
MRS,CLY
MRS,CDG
MRS,SXB
MRS,BIQ
MRS,BIA
MRS,BES
MRS,FCO
MRS,AJA
MRS,AMS
MRS,ORY
MRS,CAG
MRS,AGP
MRS,NTE
MRS,LGW
MSQ,VNO
MSQ,ARN
MSQ,BCN
MSQ,BUD
MSQ,CDG
MSQ,FCO
MSQ,FRA
MSQ,GVA
MSQ,HAJ
MSQ,KBP
MSQ,LGW
MSQ,NCE
MSQ,PRG
MSQ,SXF
MSQ,WAW
MSQ,VIE
MSQ,RIX
MSQ,MXP
MSQ,AMS
MSQ,HEL
MSR,ESB
MSR,SAW
MST,ALC
MST,BRI
MST,GRO
MST,OPO
MST,PMI
MST,TPS
MST,HER
MST,AYT
MUC,BUD
MUC,HAJ
MUC,KBP
MUC,KIV
MUC,BRE
MUC,SKG
MUC,BLQ
MUC,BIO
MUC,AMS
MUC,ADB
MUC,AOI
MUC,KRK
MUC,LEJ
MUC,LIS
MUC,LWO
MUC,LYS
MUC,MAN
MUC,MRS
MUC,GVA
MUC,GRZ
MUC,GOT
MUC,GOA
MUC,CLJ
MUC,BRN
MUC,CPH
MUC,DBV
MUC,FRA
MUC,BSL
MUC,DOK
MUC,KLX
MUC,BRS
MUC,HER
MUC,BRU
MUC,ESB
MUC,ATH
MUC,CHQ
MUC,MXP
MUC,XRY
MUC,FMO
MUC,GDN
MUC,DRS
MUC,DLM
MUC,TLS
MUC,CTA
MUC,PSA
MUC,TRS
MUC,RLG
MUC,RTM
MUC,SBZ
MUC,SJJ
MUC,SPU
MUC,DUB
MUC,PRG
MUC,ORK
MUC,PRN
MUC,BRI
MUC,FLR
MUC,VCE
MUC,VRN
MUC,STR
MUC,SUF
MUC,TIA
MUC,LJU
MUC,NCE
MUC,POZ
MUC,OSL
MUC,NUE
MUC,TRN
MUC,DTM
MUC,MLA
MUC,EBA
MUC,VNO
MUC,LUX
MUC,ZRH
MUC,OPO
MUC,ZAG
MUC,WRO
MUC,WAW
MUC,VLC
MUC,TSR
MUC,OTP
MUC,PAD
MUC,PMO
MUC,ARN
MUC,ZAD
MUC,ODS
MUC,DUS
MUC,BHX
MUC,CDG
MUC,SOF
MUC,AGP
MUC,NTE
MUC,BOD
MUC,ALC
MUC,AOK
MUC,AYT
MUC,BEG
MUC,BDS
MUC,CAG
MUC,CFU
MUC,CGN
MUC,EDI
MUC,LGW
MUC,BCN
MUC,BLL
MUC,LHR
MUC,ZTH
MUC,VIE
MUC,TXL
MUC,FNC
MUC,GWT
MUC,HAM
MUC,HEL
MUC,IBZ
MUC,KGS
MUC,KVA
MUC,MAD
MUC,FCO
MUC,MAH
MUC,NAP
MUC,OLB
MUC,PMI
MUC,PVK
MUC,RHO
MUC,RIX
MUC,SAW
MUC,SMI
MUC,MJT
MUC,STN
MXP,HAM
MXP,STR
MXP,CTA
MXP,SOF
MXP,LUZ
MXP,KIV
MXP,DUB
MXP,FRA
MXP,BUD
MXP,PRG
MXP,OTP
MXP,ZRH
MXP,RIX
MXP,OPO
MXP,LUX
MXP,LIS
MXP,FCO
MXP,BEG
MXP,HEL
MXP,LHR
MXP,TIA
MXP,HAJ
MXP,AMS
MXP,CGN
MXP,TXL
MXP,VIE
MXP,MUC
MXP,WAW
MXP,SXF
MXP,SUF
MXP,PMO
MXP,PMI
MXP,OLB
MXP,NAP
MXP,LTN
MXP,DUS
MXP,LGW
MXP,IBZ
MXP,HER
MXP,EDI
MXP,CAG
MXP,BRI
MXP,BOD
MXP,BDS
MXP,CDG
MXP,AHO
MXP,AGP
MXP,MRS
MXP,JMK
MXP,KBP
MXP,LYS
MXP,CPH
MXP,BRU
MXP,MSQ
MXP,BRS
MXP,BIO
MXP,OSL
MXP,MAD
MXP,BCN
MXP,TLS
MXP,SAW
MXP,NTE
MXP,MAN
MXP,BHX
MXP,ATH
MXX,ARN
MXX,EVG
MZH,SAW
NAP,FRA
NAP,GVA
NAP,LPL
NAP,TRS
NAP,MXP
NAP,VIE
NAP,TRN
NAP,PMO
NAP,NCE
NAP,STN
NAP,LGW
NAP,CTA
NAP,LWO
NAP,KTW
NAP,OTP
NAP,PRG
NAP,CDG
NAP,SXF
NAP,FCO
NAP,BUD
NAP,HAM
NAP,NTE
NAP,HAJ
NAP,CGN
NAP,LTN
NAP,VRN
NAP,VCE
NAP,OLB
NAP,DUS
NAP,MAN
NAP,ORY
NAP,MUC
NAP,TXL
NAP,GOA
NAP,ZRH
NAP,BRU
NAP,AMS
NAP,EIN
NAP,FMM
NAP,CAG
NAP,DUB
NAP,BCN
NAP,LIN
NAP,EDI
NAP,LUX
NAP,STR
NAP,KBP
NAP,BSL
NAV,SAW
NCE,BCN
NCE,OSL
NCE,AMS
NCE,BIA
NCE,CDG
NCE,CLY
NCE,FCO
NCE,FSC
NCE,LIL
NCE,NTE
NCE,ORY
NCE,SOU
NCE,SXB
NCE,VCE
NCE,AJA
NCE,LYS
NCE,BFS
NCE,BRU
NCE,SNN
NCE,LUX
NCE,WAW
NCE,MUC
NCE,FRA
NCE,RTM
NCE,SXF
NCE,EIN
NCE,DUS
NCE,BOD
NCE,LIG
NCE,BIQ
NCE,BHX
NCE,BES
NCE,VIE
NCE,MAD
NCE,STN
NCE,NCL
NCE,RNS
NCE,ETZ
NCE,CFR
NCE,CFE
NCE,RIX
NCE,LCY
NCE,OLB
NCE,GOT
NCE,BRS
NCE,BSL
NCE,EDI
NCE,LPL
NCE,LTN
NCE,NAP
NCE,LBA
NCE,MAN
NCE,LGW
NCE,CGN
NCE,TXL
NCE,ORK
NCE,LHR
NCE,DUB
NCE,LIS
NCE,ARN
NCE,BGO
NCE,CPH
NCE,KBP
NCE,HEL
NCE,MSQ
NCE,HAM
NCE,TLL
NCE,TLS
NCE,TRF
NCE,GVA
NCE,TRD
NCE,ZRH
NCE,PRG
NCE,OTP
NCL,BHX
NCL,CWL
NCL,DUB
NCL,KRK
NCL,ORK
NCL,BFS
NCL,BCN
NCL,LHR
NCL,GRO
NCL,BRU
NCL,NCE
NCL,CPH
NCL,SVG
NCL,JER
NCL,BRS
NCL,MLA
NCL,LGW
NCL,IBZ
NCL,VCE
NCL,HER
NCL,FCO
NCL,DLM
NCL,DBV
NCL,BJV
NCL,ALC
NCL,AGP
NCL,MAH
NCL,MJV
NCL,PMI
NCL,PRG
NCL,BHD
NCL,PSA
NCL,REU
NCL,RHO
NCL,ABZ
NCL,CDG
NCL,DUS
NCL,AMS
NCL,IOM
NCL,SOU
NDY,SOY
NDY,KOI
NOC,BRS
NOC,LGW
NOC,ALC
NOC,EIN
NOC,EMA
NOC,KUN
NOC,LPL
NOC,AGP
NOC,STN
NOC,BHX
NOC,MAN
NOC,LTN
NQY,LGW
NQY,MAN
NQY,DUS
NQY,ISC
NQY,EXT
NRK,HEL
NRL,NDY
NRL,EOI
NRL,KOI
NRL,PPW
NRN,CAG
NRN,BRI
NRN,BLQ
NRN,CHQ
NRN,AOI
NRN,ALC
NRN,CFU
NRN,AGP
NRN,BGY
NRN,AHO
NRN,BZR
NRN,EDI
NRN,VLC
NRN,TSF
NRN,SUF
NRN,CIA
NRN,SKG
NRN,SDR
NRN,RIX
NRN,PSR
NRN,STN
NRN,PMO
NRN,GRO
NRN,IBZ
NRN,PSA
NRN,ZAD
NRN,LPP
NRN,OPO
NRN,PMI
NRN,LEI
NTE,CDG
NTE,LCY
NTE,MAN
NTE,PGF
NTE,MRS
NTE,LYS
NTE,BIA
NTE,OLB
NTE,PMI
NTE,NAP
NTE,FLR
NTE,LIS
NTE,TLS
NTE,MLA
NTE,MUC
NTE,LIL
NTE,FSC
NTE,SOU
NTE,VCE
NTE,ATH
NTE,TXL
NTE,SXB
NTE,NCE
NTE,BOD
NTE,BRU
NTE,DUS
NTE,ORY
NTE,CLY
NTE,AJA
NTE,SVQ
NTE,OPO
NTE,FCO
NTE,PMO
NTE,PRG
NTE,VLC
NTE,AMS
NTE,MPL
NTE,MXP
NTE,MAD
NTE,HER
NTE,DUB
NTE,BSL
NTE,BCN
NTE,ADB
NTE,LGW
NTE,GVA
NTE,AGP
NUE,SAW
NUE,SMI
NUE,SPU
NUE,CDG
NUE,ALC
NUE,HER
NUE,FRA
NUE,AYT
NUE,VIE
NUE,ZRH
NUE,OLB
NUE,KGS
NUE,IBZ
NUE,MUC
NUE,STN
NUE,DUS
NUE,BCN
NUE,SKG
NUE,AGP
NUE,ZQW
NUE,AMS
NUE,TXL
NUE,PMI
NUE,RHO
NUE,HAM
NVK,BOO
NWI,GCI
NWI,JER
NWI,ABZ
NWI,EDI
NWI,HUY
NWI,AMS
NWI,MAN
NWI,MLA
NYO,KRK
NYO,CRL
NYO,CIA
NYO,BEG
NYO,KTW
NYO,GDN
NYO,POZ
NYO,CHQ
NYO,AGP
NYO,SKP
NYO,WAW
NYO,BUD
NYO,MLA
NYO,RHO
NYO,PSA
NYO,ALC
NYO,BCN
NYO,BGY
NYO,BIQ
NYO,BRE
NYO,BVA
NYO,BZR
NYO,PMI
NYO,STN
NYO,ZAD
NYO,WMI
NYO,TSF
NYO,AHO
NYO,SKG
NYO,RJK
ODS,MUC
ODS,VIE
ODS,WAW
ODS,KBP
OER,ARN
OLA,OSL
OLB,BLQ
OLB,MXP
OLB,BSL
OLB,VRN
OLB,TRN
OLB,NAP
OLB,STR
OLB,RIX
OLB,HAM
OLB,DUS
OLB,CGN
OLB,LIN
OLB,FCO
OLB,CDG
OLB,NCE
OLB,ARN
OLB,FRA
OLB,BRN
OLB,AMS
OLB,MUC
OLB,NUE
OLB,TXL
OLB,VIE
OLB,GVA
OLB,ZRH
OLB,NTE
OLB,LGW
OLB,GOA
OLB,BOD
OLB,FDH
OLB,VCE
OLB,SXF
OMO,BGY
OMR,OTP
ONQ,DUS
ONQ,DTM
OPO,CDG
OPO,FCO
OPO,MXP
OPO,ZRH
OPO,LYS
OPO,AMS
OPO,FNC
OPO,FRA
OPO,GVA
OPO,BHX
OPO,LHR
OPO,LGW
OPO,BSL
OPO,NTE
OPO,MUC
OPO,BGY
OPO,LPL
OPO,LRH
OPO,MAD
OPO,MRS
OPO,MST
OPO,NRN
OPO,LIS
OPO,PMI
OPO,SXB
OPO,TUF
OPO,VLC
OPO,XCR
OPO,BCN
OPO,ORY
OPO,STN
OPO,LIL
OPO,LUX
OPO,FMM
OPO,HHN
OPO,BLQ
OPO,BRE
OPO,BRU
OPO,BVA
OPO,CCF
OPO,CFE
OPO,BOD
OPO,CRL
OPO,DLE
OPO,DTM
OPO,DUB
OPO,EBU
OPO,EIN
OPO,FKB
OPO,CIA
ORB,MMX
ORB,BLE
ORK,CDG
ORK,BRU
ORK,BHX
ORK,AGP
ORK,AMS
ORK,ALC
ORK,PMI
ORK,EDI
ORK,BCN
ORK,GLA
ORK,BRS
ORK,LHR
ORK,EMA
ORK,GDN
ORK,LGW
ORK,JER
ORK,STN
ORK,VNO
ORK,LPL
ORK,NCL
ORK,NCE
ORK,LIS
ORK,MAN
ORK,MUC
ORK,WRO
ORY,BUD
ORY,BJV
ORY,AYT
ORY,ATH
ORY,AGP
ORY,ALC
ORY,BCN
ORY,BIO
ORY,BLQ
ORY,FCO
ORY,IBZ
ORY,LIS
ORY,OPO
ORY,SVQ
ORY,CTA
ORY,VLC
ORY,PGX
ORY,LIG
ORY,ARN
ORY,BGO
ORY,CPH
ORY,HEL
ORY,OSL
ORY,SAW
ORY,FLR
ORY,DBV
ORY,PMI
ORY,NAP
ORY,AJA
ORY,GVA
ORY,SXF
ORY,LPY
ORY,TXL
ORY,LHR
ORY,UIP
ORY,RDZ
ORY,PGF
ORY,LRT
ORY,LRH
ORY,LDE
ORY,LAI
ORY,DCM
ORY,CFR
ORY,BVE
ORY,AUR
ORY,AGF
ORY,FSC
ORY,BES
ORY,BIA
ORY,BIQ
ORY,BOD
ORY,PMO
ORY,PRG
ORY,PSA
ORY,VCE
ORY,TLS
ORY,TLN
ORY,SXB
ORY,SOU
ORY,PUF
ORY,HER
ORY,NTE
ORY,MRS
ORY,MPL
ORY,MLA
ORY,MAD
ORY,LYS
ORY,LIN
ORY,CWL
ORY,CLY
ORY,CFE
ORY,NCE
ORY,LCY
ORY,FNC
OSD,ARN
OSD,BMA
OSD,UME
OSI,STN
OSI,ZAG
OSI,SPU
OSI,DBV
OSL,ORY
OSL,PLQ
OSL,SSJ
OSL,PMI
OSL,PRG
OSL,PSA
OSL,PUY
OSL,SPU
OSL,SVG
OSL,VIE
OSL,SXF
OSL,SZZ
OSL,ABZ
OSL,RIX
OSL,ZRH
OSL,LIS
OSL,LGW
OSL,KRS
OSL,HEL
OSL,VNO
OSL,TOS
OSL,BNN
OSL,NCE
OSL,CDG
OSL,SOG
OSL,SDN
OSL,RRS
OSL,MXP
OSL,MUC
OSL,MOL
OSL,MLA
OSL,WAW
OSL,MJV
OSL,DUS
OSL,MAN
OSL,FRA
OSL,AAR
OSL,BLL
OSL,ATH
OSL,HOV
OSL,FRO
OSL,KRK
OSL,VCE
OSL,KKN
OSL,AAL
OSL,KSU
OSL,BDU
OSL,VXO
OSL,TLL
OSL,TRD
OSL,HAM
OSL,BCN
OSL,AYT
OSL,ARN
OSL,KBP
OSL,LHR
OSL,AES
OSL,AGP
OSL,AJA
OSL,TXL
OSL,SRP
OSL,OLA
OSL,VDB
OSL,ALC
OSL,AMS
OSL,BEG
OSL,BGO
OSL,ALF
OSL,CGN
OSL,DUB
OSL,DBV
OSL,CPH
OSL,FCO
OSL,BRU
OSL,BIO
OSL,GOT
OSL,CHQ
OSL,GZP
OSL,EDI
OSL,EVE
OSL,BTS
OSL,GDN
OSL,BOO
OSL,GVA
OSL,BOJ
OSL,HAU
OSL,BUD
OSR,PRG
OSR,CDG
OSR,STN
OST,LGG
OSY,TRD
OSY,RVK
OSY,MJF
OTP,PRG
OTP,MUC
OTP,CDG
OTP,CRL
OTP,CIA
OTP,SOF
OTP,BEG
OTP,VIE
OTP,PSA
OTP,CUF
OTP,SKG
OTP,NCE
OTP,GVA
OTP,VLC
OTP,AMS
OTP,TSF
OTP,TRF
OTP,CTA
OTP,VRN
OTP,LGW
OTP,PEG
OTP,NAP
OTP,MXP
OTP,LTN
OTP,EIN
OTP,DTM
OTP,ZAZ
OTP,MAD
OTP,DUS
OTP,BVA
OTP,BUD
OTP,ATH
OTP,KIV
OTP,BRU
OTP,ZRH
OTP,TXL
OTP,SAW
OTP,WAW
OTP,LHR
OTP,BCN
OTP,DUB
OTP,STN
OTP,AHO
OTP,FRA
OTP,BLQ
OTP,LIS
OTP,BRI
OTP,TSR
OTP,CPH
OTP,SUJ
OTP,OMR
OTP,LIN
OTP,IAS
OTP,FCO
OTP,CLJ
OTP,BAY
OTP,BGY
OUL,ARN
OUL,ALC
OUL,HEL
OVD,BCN
OVD,CDG
OVD,VLC
OVD,STN
OVD,AGP
OVD,SVQ
OVD,MAD
OVD,PMI
OZH,IEV
PAD,AYT
PAD,IBZ
PAD,PMI
PAD,MUC
PAS,ATH
PDV,HHN
PDV,STN
PEG,STN
PEG,CRL
PEG,CAG
PEG,TPS
PEG,OTP
PGF,NTE
PGF,DUB
PGF,ORY
PGF,STN
PGF,CRL
PGX,ORY
PGX,EGC
PIK,CCF
PIK,BCN
PIK,ALC
PIK,AGP
PIK,CFU
PIK,WMI
PIK,LDY
PIK,DUB
PIK,MJV
PIK,MLA
PIK,CIA
PIK,PMI
PIK,WRO
PIK,REU
PIK,RIX
PIK,IBZ
PIS,STN
PIS,AJA
PIS,LYS
PIS,SNN
PIS,LRH
PJA,TLL
PJA,LLA
PLQ,CPH
PLQ,RIX
PLQ,OSL
PMF,AHO
PMF,CAG
PMF,STN
PMF,TPS
PMI,BIO
PMI,ALC
PMI,DUB
PMI,OVD
PMI,TLS
PMI,EXT
PMI,ORK
PMI,AGP
PMI,BHD
PMI,BGY
PMI,BLQ
PMI,BLL
PMI,BHX
PMI,LYS
PMI,AAR
PMI,BRN
PMI,RLG
PMI,KSF
PMI,ERF
PMI,MAN
PMI,SXF
PMI,RTM
PMI,GOT
PMI,AMS
PMI,SOU
PMI,ILD
PMI,LNZ
PMI,BOD
PMI,SZG
PMI,SVQ
PMI,SCN
PMI,FDH
PMI,PAD
PMI,FKB
PMI,FMO
PMI,FRA
PMI,GRZ
PMI,IBZ
PMI,INN
PMI,LEI
PMI,NUE
PMI,MUC
PMI,PRG
PMI,MAH
PMI,NTE
PMI,VIE
PMI,GRX
PMI,DRS
PMI,BSL
PMI,LHR
PMI,LCY
PMI,LEJ
PMI,DSA
PMI,LTN
PMI,MAD
PMI,BCN
PMI,BRS
PMI,SOF
PMI,ORY
PMI,MXP
PMI,SEN
PMI,ZAZ
PMI,BRE
PMI,ZRH
PMI,XRY
PMI,VLC
PMI,CPH
PMI,CWL
PMI,BRU
PMI,HAJ
PMI,SCQ
PMI,SDR
PMI,SNN
PMI,HHN
PMI,GSE
PMI,OST
PMI,RYG
PMI,GRQ
PMI,TRF
PMI,WMI
PMI,LPL
PMI,BFS
PMI,BLK
PMI,GLA
PMI,STN
PMI,NCL
PMI,REU
PMI,OPO
PMI,MST
PMI,LBC
PMI,LBA
PMI,KUN
PMI,NRN
PMI,NYO
PMI,PIK
PMI,TXL
PMI,HAM
PMI,LGG
PMI,DUS
PMI,DTM
PMI,CGN
PMI,ZQW
PMI,STR
PMI,BOH
PMI,LUX
PMI,MRS
PMI,ARN
PMI,AAL
PMI,GVA
PMI,CRL
PMI,BGO
PMI,HEL
PMI,LGW
PMI,OSL
PMI,EDI
PMI,EIN
PMI,EMA
PMI,GRO
PMI,FMM
PMI,BVA
PMI,BTS
PMI,CIA
PMO,NAP
PMO,ARN
PMO,VCE
PMO,CTA
PMO,VRN
PMO,FLR
PMO,CGN
PMO,VIE
PMO,AMS
PMO,ORY
PMO,PNL
PMO,LMP
PMO,BCN
PMO,SXB
PMO,MXP
PMO,BGY
PMO,MUC
PMO,MAD
PMO,FCO
PMO,PSA
PMO,NRN
PMO,CDG
PMO,MRS
PMO,LGW
PMO,LIN
PMO,BLQ
PMO,NTE
PMO,TRN
PMO,BOD
PMO,TXL
PMO,FRA
PMO,BRI
PMO,STN
PMO,SVQ
PMO,TSF
PMO,GOA
PMO,BRU
PNA,MAD
PNL,TPS
PNL,PMO
PNL,VCE
POR,HEL
POR,KOK
POR,ARN
POZ,STN
POZ,BRS
POZ,MUC
POZ,FRA
POZ,CPH
POZ,DUS
POZ,TRF
POZ,RYG
POZ,LPL
POZ,EDI
POZ,DUB
POZ,BCN
POZ,GRO
POZ,CIA
POZ,BVA
POZ,DSA
POZ,NYO
POZ,WAW
POZ,LTN
PPW,KOI
PPW,NRL
PPW,WRY
PRG,BCN
PRG,MAD
PRG,FRA
PRG,STN
PRG,SOF
PRG,ORY
PRG,VCE
PRG,LIN
PRG,FCO
PRG,HEL
PRG,LJU
PRG,PSA
PRG,MSQ
PRG,RIX
PRG,DUB
PRG,LIS
PRG,BEG
PRG,CDG
PRG,KBP
PRG,KSC
PRG,MXP
PRG,NCE
PRG,OSR
PRG,OTP
PRG,HER
PRG,PMI
PRG,SXB
PRG,TXL
PRG,VLC
PRG,EMA
PRG,MRS
PRG,BRI
PRG,RHO
PRG,CLJ
PRG,BUD
PRG,BTS
PRG,LHR
PRG,RTM
PRG,ZRH
PRG,GVA
PRG,BSL
PRG,LYS
PRG,ATH
PRG,VNO
PRG,BGY
PRG,NTE
PRG,NCL
PRG,MAN
PRG,LBA
PRG,AGP
PRG,BRU
PRG,LTN
PRG,NAP
PRG,EDI
PRG,MLA
PRG,BRS
PRG,LGW
PRG,TSF
PRG,HAM
PRG,AMS
PRG,SPU
PRG,DUS
PRG,FNC
PRG,CGN
PRG,MUC
PRG,VIE
PRG,WAW
PRG,OSL
PRG,CPH
PRG,BGO
PRG,ARN
PRG,AYT
PRN,GVA
PRN,TXL
PRN,STR
PRN,HAM
PRN,HAJ
PRN,DUS
PRN,CPH
PRN,BSL
PRN,LGW
PRN,ZRH
PRN,FRA
PRN,LJU
PRN,MUC
PRN,ZAG
PRN,SAW
PRN,VIE
PSA,BCN
PSA,CGN
PSA,AHO
PSA,BDS
PSA,BLL
PSA,BOH
PSA,BRI
PSA,BUD
PSA,LHR
PSA,BVA
PSA,NRN
PSA,NYO
PSA,PMO
PSA,SKG
PSA,STN
PSA,SUF
PSA,SVQ
PSA,TPS
PSA,TRF
PSA,TIA
PSA,VLC
PSA,WMI
PSA,MLA
PSA,PRG
PSA,LGW
PSA,MUC
PSA,BRS
PSA,LTN
PSA,SXF
PSA,OSL
PSA,CPH
PSA,ARN
PSA,OTP
PSA,MAN
PSA,NCL
PSA,AMS
PSA,CTA
PSA,MAD
PSA,TXL
PSA,GDN
PSA,ORY
PSA,HAU
PSA,HHN
PSA,IBZ
PSA,GRO
PSA,LPL
PSA,EMA
PSA,KRK
PSA,EIN
PSA,GSE
PSA,EDI
PSA,CRL
PSA,CIY
PSA,FCO
PSA,CAG
PSA,LBA
PSA,LBC
PSA,LIS
PSA,DUB
PSR,STN
PSR,GRO
PSR,CRL
PSR,CAG
PSR,NRN
PSR,BGY
PSR,HHN
PSR,LIN
PSR,BVA
PUF,LYS
PUF,MRS
PUF,ORY
PUF,CDG
PUY,ARN
PUY,OSL
PUY,ZAG
PUY,ZAD
PUY,FRA
PUY,DUB
PUY,MAN
PUY,CGN
PUY,STN
PUY,RYG
PUY,HHN
PUY,CRL
PUY,BVA
PVK,MAN
PVK,JSH
PVK,DUS
PVK,MUC
PVK,VIE
PVK,CFU
PVK,EFL
PVK,AMS
PVK,LGW
PXO,LIS
RDZ,ORY
RDZ,STN
RDZ,CRL
RDZ,DUB
REG,TRN
REG,FCO
REG,LIN
REG,VCE
RET,BOO
RET,LKN
REU,PIK
REU,NCL
REU,BFS
REU,BHX
REU,BRS
REU,CRL
REU,BRU
REU,DUB
REU,EIN
REU,EMA
REU,HHN
REU,LPL
REU,STN
REU,PMI
REU,LTN
REU,MAN
RGS,BCN
RHO,AMS
RHO,STR
RHO,NCL
RHO,AOK
RHO,ATH
RHO,CDG
RHO,HER
RHO,KGS
RHO,KZS
RHO,SKG
RHO,PRG
RHO,EIN
RHO,DRS
RHO,DUS
RHO,MUC
RHO,NUE
RHO,TXL
RHO,MAN
RHO,VIE
RHO,LBA
RHO,LGG
RHO,SMI
RHO,JKH
RHO,BSL
RHO,CGN
RHO,LUX
RHO,BGY
RHO,BOH
RHO,CRL
RHO,EMA
RHO,KUN
RHO,LPL
RHO,NYO
RHO,RYG
RHO,STN
RHO,BRU
RHO,GLA
RHO,SXF
RHO,KBP
RHO,LEJ
RHO,HAM
RHO,HAJ
RHO,FRA
RHO,LGW
RIX,FCO
RIX,EIN
RIX,LTN
RIX,TRF
RIX,NCE
RIX,OSL
RIX,PLQ
RIX,PRG
RIX,SAW
RIX,TLL
RIX,TKU
RIX,MLA
RIX,VIE
RIX,VNO
RIX,WAW
RIX,ZRH
RIX,TRD
RIX,SVG
RIX,LGW
RIX,KIV
RIX,KBP
RIX,CDG
RIX,TXL
RIX,MUC
RIX,HAM
RIX,OLB
RIX,DUS
RIX,VCE
RIX,MSQ
RIX,ABZ
RIX,AES
RIX,AMS
RIX,ARN
RIX,ATH
RIX,HER
RIX,BCN
RIX,BGO
RIX,BLL
RIX,BRU
RIX,BUD
RIX,CPH
RIX,GOT
RIX,MXP
RIX,FRA
RIX,HEL
RIX,HHN
RIX,BGY
RIX,RYG
RIX,MAN
RIX,EMA
RIX,STN
RIX,BRE
RIX,PIK
RIX,NRN
RIX,DUB
RJK,ZAG
RJK,HAM
RJK,STR
RJK,SPU
RJK,LHR
RJK,NYO
RJK,CGN
RJL,MAD
RLG,MUC
RLG,STR
RLG,PMI
RLG,AYT
RLG,CGN
RNB,ARN
RNB,BMA
RNN,CPH
RNS,MRS
RNS,SOU
RNS,TLS
RNS,LYS
RNS,BOD
RNS,NCE
RNS,CDG
RNS,BCN
RNS,EXT
RRS,OSL
RTM,SPU
RTM,PRG
RTM,LCY
RTM,TLN
RTM,VIE
RTM,RHO
RTM,VLC
RTM,SAW
RTM,MUC
RTM,LHR
RTM,BUD
RTM,AYT
RTM,BCN
RTM,BJV
RTM,EGC
RTM,EIN
RTM,ALC
RTM,FCO
RTM,HER
RTM,IBZ
RTM,MAD
RTM,MPL
RTM,NCE
RTM,PMI
RTM,GRO
RTM,AGP
RVK,MQN
RVK,OSY
RVK,TRD
RVN,HEL
RYG,CFU
RYG,WMI
RYG,BZR
RYG,AGP
RYG,BVA
RYG,BLQ
RYG,BCN
RYG,ALC
RYG,VNO
RYG,TSF
RYG,TLL
RYG,SXF
RYG,RZE
RYG,SKG
RYG,STN
RYG,CHQ
RYG,CIA
RYG,BGY
RYG,DUB
RYG,RIX
RYG,RHO
RYG,PUY
RYG,POZ
RYG,ZAD
RYG,PMI
RYG,MLA
RYG,CRL
RYG,MAD
RYG,MAN
RYG,KUN
RYG,WRO
RYG,KRK
RYG,KGS
RYG,GDN
RYG,EDI
RZE,FCO
RZE,BVA
RZE,BRS
RZE,LTN
RZE,DUB
RZE,STN
RZE,MAN
RZE,EMA
RZE,RYG
RZE,FRA
RZE,WAW
SAW,TZX
SAW,TIA
SAW,STN
SAW,SKP
SAW,SJJ
SAW,BAL
SAW,BCN
SAW,BGY
SAW,BLQ
SAW,BSL
SAW,CPH
SAW,CRL
SAW,DIY
SAW,DLM
SAW,DNZ
SAW,BJV
SAW,VAN
SAW,VAS
SAW,VIE
SAW,RTM
SAW,BEG
SAW,AYT
SAW,ATH
SAW,ASR
SAW,ARN
SAW,ESB
SAW,DOK
SAW,ADB
SAW,SXF
SAW,NUE
SAW,MUC
SAW,EIN
SAW,AMS
SAW,DUS
SAW,ZRH
SAW,ADA
SAW,MLA
SAW,ERZ
SAW,MLX
SAW,MRS
SAW,KBP
SAW,BRU
SAW,MQM
SAW,MXP
SAW,MAD
SAW,LWO
SAW,CGN
SAW,LGW
SAW,KSY
SAW,KYA
SAW,KCM
SAW,HTY
SAW,HRK
SAW,GZT
SAW,MSR
SAW,DTM
SAW,MZH
SAW,NAV
SAW,ERC
SAW,EDO
SAW,BUD
SAW,EZS
SAW,FCO
SAW,FRA
SAW,TXL
SAW,GZP
SAW,GNY
SAW,STR
SAW,EBU
SAW,OTP
SAW,HAM
SAW,RIX
SAW,HAJ
SAW,ORY
SAW,PRN
SAW,CDG
SBZ,OTP
SBZ,VIE
SBZ,MUC
SCN,HAM
SCN,PMI
SCN,TXL
SCN,LUX
SCQ,DUB
SCQ,CDG
SCQ,BRU
SCQ,BIO
SCQ,AGP
SCQ,BCN
SCQ,ALC
SCQ,PMI
SCQ,STN
SCQ,BSL
SCQ,BGY
SCQ,GVA
SCQ,LGW
SCQ,IBZ
SCQ,VLC
SCQ,SVQ
SCQ,HHN
SCQ,MAD
SDL,ARN
SDL,LLA
SDL,GOT
SDL,BMA
SDN,SOG
SDN,OSL
SDR,MAD
SDR,DUB
SDR,VLC
SDR,EDI
SDR,CRL
SDR,SVQ
SDR,CIA
SDR,BGY
SDR,STN
SDR,HHN
SDR,NRN
SDR,AGP
SDR,BCN
SDR,PMI
SEN,IBZ
SEN,ALC
SEN,AMS
SEN,BCN
SEN,AGP
SEN,EDI
SEN,GVA
SEN,DUB
SEN,PMI
SEN,KRK
SEN,SXF
SEN,VCE
SEN,JER
SFT,STN
SFT,GRO
SFT,ARN
SGD,CPH
SIP,KBP
SJJ,LJU
SJJ,BEG
SJJ,SAW
SJJ,VIE
SJJ,ZAG
SJJ,ARN
SJJ,CPH
SJJ,CGN
SJJ,STR
SJJ,TXL
SJJ,BNX
SJJ,MUC
SKE,BGO
SKG,DOK
SKG,FCO
SKG,VIE
SKG,SXF
SKG,MAN
SKG,BSL
SKG,TXL
SKG,AMS
SKG,LGW
SKG,CRL
SKG,MJT
SKG,HER
SKG,FRA
SKG,CPH
SKG,CHQ
SKG,CDG
SKG,ATH
SKG,BUD
SKG,DUS
SKG,BRE
SKG,ARN
SKG,CIA
SKG,FKB
SKG,GRO
SKG,HHN
SKG,NRN
SKG,NYO
SKG,PSA
SKG,RYG
SKG,SMI
SKG,KLX
SKG,JKH
SKG,CFU
SKG,MUC
SKG,WMI
SKG,NUE
SKG,STN
SKG,BGY
SKG,SKU
SKG,LXS
SKG,OTP
SKG,BEG
SKG,STR
SKG,CGN
SKG,HAM
SKG,RHO
SKG,HAJ
SKN,ANX
SKN,BOO
SKN,SVJ
SKN,TOS
SKP,BGY
SKP,MMX
SKP,SAW
SKP,LTN
SKP,HHN
SKP,GSE
SKP,FMM
SKP,EIN
SKP,DTM
SKP,CRL
SKP,CGN
SKP,TSF
SKP,NYO
SKP,ZAG
SKP,BEG
SKP,VIE
SKP,FCO
SKP,SXF
SKP,LJU
SKP,ZRH
SKU,ATH
SKU,SKG
SLM,BCN
SMI,RHO
SMI,TXL
SMI,NUE
SMI,MUC
SMI,DUS
SMI,ATH
SMI,SKG
SNN,WRO
SNN,SXF
SNN,PIS
SNN,WMI
SNN,STN
SNN,PMI
SNN,AGP
SNN,ALC
SNN,BRS
SNN,EDI
SNN,NCE
SNN,MAN
SNN,LHR
SNN,LPL
SNN,LGW
SNN,KRK
SNN,FMM
SNN,BHX
SNN,BVA
SOF,MXP
SOF,FRA
SOF,VLC
SOF,VIE
SOF,HHN
SOF,VAR
SOF,PRG
SOF,PMI
SOF,OTP
SOF,MAD
SOF,BRU
SOF,ZRH
SOF,LHR
SOF,BEG
SOF,TXL
SOF,SXF
SOF,STN
SOF,MAN
SOF,LGW
SOF,WAW
SOF,MUC
SOF,BOJ
SOF,BCN
SOF,AMS
SOF,BGY
SOF,BLQ
SOF,CDG
SOF,AGP
SOF,BVA
SOF,CRL
SOF,DTM
SOF,EIN
SOF,LTN
SOF,ATH
SOF,FCO
SOG,SDN
SOG,OSL
SOG,HOV
SOG,BGO
SOJ,TOS
SOJ,HFT
SOU,JER
SOU,AMS
SOU,ALC
SOU,ORY
SOU,AGP
SOU,NTE
SOU,NCE
SOU,LRH
SOU,EGC
SOU,LBA
SOU,BES
SOU,BHD
SOU,DUB
SOU,EDI
SOU,ACI
SOU,GCI
SOU,GLA
SOU,MAN
SOU,NCL
SOU,PMI
SOU,LIG
SOU,RNS
SOY,KOI
SOY,NDY
SPU,STR
SPU,ZAG
SPU,TXL
SPU,OSI
SPU,LYS
SPU,LHR
SPU,HEL
SPU,LGW
SPU,FCO
SPU,DBV
SPU,OSL
SPU,TLL
SPU,ARN
SPU,ZRH
SPU,CDG
SPU,BEG
SPU,ATH
SPU,CGN
SPU,DTM
SPU,DUS
SPU,HAJ
SPU,HAM
SPU,MUC
SPU,FRA
SPU,GOT
SPU,CPH
SPU,WAW
SPU,MAN
SPU,NUE
SPU,GVA
SPU,BHX
SPU,BSL
SPU,RTM
SPU,VIE
SPU,PRG
SPU,LIL
SRP,SVG
SRP,OSL
SRP,MOL
SSJ,TRD
SSJ,OSL
SSJ,BNN
SSJ,BOO
STN,OSI
STN,DBV
STN,OSR
STN,TMP
STN,GLA
STN,ORK
STN,OTP
STN,PDV
STN,PEG
STN,PGF
STN,PIS
STN,PMF
STN,PMI
STN,EDI
STN,OPO
STN,NOC
STN,NUE
STN,BFS
STN,AMS
STN,CAG
STN,KTW
STN,KUN
STN,CPH
STN,LDE
STN,LDY
STN,LEI
STN,LEJ
STN,NYO
STN,LIG
STN,LNZ
STN,LRH
STN,LUZ
STN,MAD
STN,MJV
STN,MLA
STN,MMX
STN,MRS
STN,PMO
STN,NRN
STN,LIS
STN,POZ
STN,NAP
STN,LJU
STN,DND
STN,REU
STN,RHO
STN,RIX
STN,RYG
STN,RZE
STN,SCQ
STN,SDR
STN,SFT
STN,SKG
STN,SNN
STN,SUF
STN,TRN
STN,SVQ
STN,SXB
STN,SXF
STN,SZG
STN,SZZ
STN,TGD
STN,TLL
STN,TLN
STN,TRS
STN,TSF
STN,TUF
STN,VLC
STN,LYS
STN,MUC
STN,TRF
STN,PSA
STN,PSR
STN,PUY
STN,RDZ
STN,NCE
STN,OVD
STN,SOF
STN,PRG
STN,SAW
STN,HAJ
STN,STR
STN,ZAZ
STN,ZAD
STN,XRY
STN,WRO
STN,WMI
STN,BIO
STN,VST
STN,VNO
STN,DUS
STN,CGN
STN,ADB
STN,BJV
STN,BTS
STN,AGP
STN,BSL
STN,BRQ
STN,BRE
STN,BOD
STN,BLQ
STN,BLL
STN,BIQ
STN,BGY
STN,BDS
STN,BCN
STN,EGC
STN,BUD
STN,AHO
STN,AOI
STN,EIN
STN,FKB
STN,FMM
STN,GDN
STN,GOA
STN,GRO
STN,GSE
STN,HAU
STN,HHN
STN,IBZ
STN,KGS
STN,ATH
STN,ALC
STN,BVE
STN,BRI
STN,CCF
STN,KIR
STN,KRK
STN,BZG
STN,JER
STN,GCI
STN,CIA
STN,CIY
STN,DNR
STN,DTM
STN,CHQ
STN,EFL
STN,DLM
STN,MAH
STN,CFU
STN,KIV
STN,AAR
STN,DUB
STR,NAP
STR,OLB
STR,PMI
STR,ZAD
STR,GVA
STR,RLG
STR,BHX
STR,HDF
STR,HER
STR,PRN
STR,MXP
STR,VIE
STR,LHR
STR,LEJ
STR,KVA
STR,KRK
STR,CPH
STR,TXL
STR,SUF
STR,STN
STR,SPU
STR,SKG
STR,SJJ
STR,SAW
STR,CDG
STR,FMO
STR,LIS
STR,HAM
STR,IBZ
STR,FCO
STR,AGP
STR,AMS
STR,ZRH
STR,MUC
STR,GRZ
STR,ALC
STR,AYT
STR,DUS
STR,HAJ
STR,GWT
STR,ATH
STR,JER
STR,DLM
STR,XRY
STR,FRA
STR,DUB
STR,ESB
STR,RHO
STR,MAH
STR,KGS
STR,FNC
STR,ADB
STR,VCE
STR,BCN
STR,FLR
STR,BEG
STR,DRS
STR,DBV
STR,CTA
STR,CFU
STR,BDS
STR,CAG
STR,BUD
STR,BRU
STR,BRI
STR,RJK
STR,ZAG
STR,BIA
STR,BRE
STR,BIO
SUF,VIE
SUF,TSF
SUF,LIN
SUF,FCO
SUF,STN
SUF,TRN
SUF,STR
SUF,PSA
SUF,MUC
SUF,VCE
SUF,MXP
SUF,HAJ
SUF,CRL
SUF,CTA
SUF,DUS
SUF,ZRH
SUF,NRN
SUF,HHN
SUF,CGN
SUF,BLQ
SUF,BGY
SUJ,OTP
SVG,TRD
SVG,TOS
SVG,EVE
SVG,AAL
SVG,KSU
SVG,GOT
SVG,NCL
SVG,ALC
SVG,CPH
SVG,ARN
SVG,ABZ
SVG,BGO
SVG,RIX
SVG,GDN
SVG,KTW
SVG,VNO
SVG,FRO
SVG,AGP
SVG,KRS
SVG,TRF
SVG,SRP
SVG,BLL
SVG,EDI
SVG,SZZ
SVG,MAN
SVG,FRA
SVG,LGW
SVG,KRK
SVG,WAW
SVG,LHR
SVG,BCN
SVG,SXF
SVG,AMS
SVG,OSL
SVG,CDG
SVJ,BOO
SVJ,SKN
SVJ,LKN
SVL,HEL
SVQ,BRI
SVQ,BRU
SVQ,BLQ
SVQ,BCN
SVQ,BIO
SVQ,BOD
SVQ,BVA
SVQ,LGW
SVQ,CRL
SVQ,DUB
SVQ,EIN
SVQ,MRS
SVQ,PSA
SVQ,SCQ
SVQ,SDR
SVQ,STN
SVQ,PMI
SVQ,LIS
SVQ,CIA
SVQ,PMO
SVQ,BGY
SVQ,OVD
SVQ,AMS
SVQ,VLC
SVQ,LCG
SVQ,LYS
SVQ,MAD
SVQ,NTE
SVQ,ORY
SVQ,TLS
SVQ,GVA
SVQ,BSL
SVQ,LEI
SXB,LGW
SXB,NTE
SXB,OPO
SXB,STN
SXB,BIQ
SXB,PMO
SXB,BRU
SXB,FCO
SXB,TLS
SXB,BOD
SXB,MAD
SXB,LIL
SXB,AMS
SXB,LYS
SXB,MPL
SXB,ORY
SXB,AJA
SXB,BIA
SXB,PRG
SXB,ADB
SXB,NCE
SXB,MRS
SXF,PSA
SXF,DUB
SXF,SAW
SXF,SEN
SXF,SKP
SXF,SOF
SXF,SZG
SXF,VCE
SXF,LIS
SXF,AYT
SXF,SKG
SXF,BGY
SXF,BRS
SXF,RYG
SXF,BRU
SXF,AMS
SXF,BSL
SXF,BUD
SXF,CAG
SXF,EDI
SXF,FCO
SXF,GLA
SXF,GVA
SXF,LGW
SXF,LPL
SXF,LTN
SXF,LYS
SXF,MAD
SXF,KGS
SXF,HER
SXF,MAN
SXF,AGP
SXF,DLM
SXF,CFU
SXF,MXP
SXF,NAP
SXF,ATH
SXF,OLB
SXF,ORY
SXF,STN
SXF,SNN
SXF,EMA
SXF,NCE
SXF,MSQ
SXF,TRD
SXF,CPH
SXF,OSL
SXF,SVG
SXF,XRY
SXF,RHO
SXF,PMI
SXF,ARN
SXF,BCN
SXF,BGO
SYY,INV
SYY,GLA
SYY,BEB
SYY,EDI
SYY,ABZ
SZG,VIE
SZG,AYT
SZG,STN
SZG,CLY
SZG,DUS
SZG,HAM
SZG,HER
SZG,LGW
SZG,PMI
SZG,TXL
SZG,SXF
SZG,CGN
SZG,ZRH
SZG,FRA
SZZ,DUB
SZZ,LPL
SZZ,STN
SZZ,WAW
SZZ,SVG
SZZ,OSL
SZZ,TRF
TAY,HEL
TEQ,ESB
TGD,VIE
TGD,CRL
TGD,STN
TGD,ZRH
TGD,FCO
TGD,LJU
TGD,DUS
TGD,BEG
TGD,CDG
TGD,FRA
TGM,LTN
TGM,DTM
TGM,BVA
TGM,OTP
THN,BMA
TIA,PSA
TIA,BGY
TIA,LGW
TIA,MUC
TIA,SAW
TIA,BRI
TIA,GOA
TIA,BLQ
TIA,LJU
TIA,TRN
TIA,VCE
TIA,FCO
TIA,FRA
TIA,MXP
TIA,VRN
TIA,ATH
TIA,VIE
TIV,LGW
TIV,CDG
TIV,BEG
TIV,BRU
TKU,CPH
TKU,HEL
TKU,MHQ
TKU,ARN
TKU,GDN
TKU,RIX
TKU,ALC
TLL,LGW
TLL,OSL
TLL,NCE
TLL,SPU
TLL,URE
TLL,WAW
TLL,KBP
TLL,VNO
TLL,TRD
TLL,AMS
TLL,RIX
TLL,HEL
TLL,ARN
TLL,STN
TLL,RYG
TLL,BRU
TLL,MAN
TLL,GRO
TLL,BRE
TLL,BGY
TLL,CPH
TLL,HER
TLL,FRA
TLL,TYF
TLL,PJA
TLN,STN
TLN,RTM
TLN,ORY
TLS,LGW
TLS,BSL
TLS,NCE
TLS,DUB
TLS,LHR
TLS,DIJ
TLS,AGP
TLS,BCN
TLS,MAD
TLS,PMI
TLS,FRA
TLS,BRE
TLS,MUC
TLS,MAN
TLS,MXP
TLS,BRU
TLS,AJA
TLS,ATH
TLS,NTE
TLS,BRS
TLS,CEG
TLS,XFW
TLS,HAM
TLS,AMS
TLS,LIL
TLS,LIS
TLS,GVA
TLS,RNS
TLS,MRS
TLS,SXB
TLS,CDG
TLS,FCO
TLS,LYS
TLS,ETZ
TLS,SVQ
TLS,MLA
TLS,VCE
TLS,ORY
TLS,BIA
TMP,HHN
TMP,GRO
TMP,HEL
TMP,BRE
TMP,BGY
TMP,AGP
TMP,BUD
TMP,STN
TMP,ALC
TMP,ARN
TOS,ALC
TOS,SVG
TOS,OSL
TOS,KKN
TOS,SKN
TOS,BOO
TOS,EVE
TOS,LKL
TOS,ARN
TOS,LGW
TOS,VDS
TOS,SOJ
TOS,HFT
TOS,HAA
TOS,BGO
TOS,ALF
TOS,ANX
TOS,TRD
TPS,PMF
TPS,PEG
TPS,TRN
TPS,TRS
TPS,PSA
TPS,TSF
TPS,MST
TPS,WMI
TPS,FMM
TPS,CRL
TPS,BVA
TPS,CUF
TPS,EIN
TPS,FKB
TPS,GOA
TPS,GRO
TPS,HHN
TPS,KRK
TPS,KUN
TPS,MAN
TPS,MLA
TPS,BTS
TPS,BLQ
TPS,BGY
TPS,CIA
TPS,AOI
TPS,PNL
TPS,CAG
TRD,BNN
TRD,AMS
TRD,OSY
TRD,RVK
TRD,AYT
TRD,ALC
TRD,EVE
TRD,KRK
TRD,SSJ
TRD,LGW
TRD,TOS
TRD,TRF
TRD,CPH
TRD,KRS
TRD,MQN
TRD,KSU
TRD,AGP
TRD,MJF
TRD,SVG
TRD,SXF
TRD,RIX
TRD,OSL
TRD,NCE
TRD,BOO
TRD,ARN
TRD,TLL
TRD,BGO
TRD,DBV
TRD,GDN
TRD,AES
TRE,GLA
TRF,BGO
TRF,AMS
TRF,SVG
TRF,TRD
TRF,PMI
TRF,BCN
TRF,DBV
TRF,LGW
TRF,NCE
TRF,CPH
TRF,AYT
TRF,STN
TRF,ALC
TRF,LPL
TRF,AHO
TRF,ARN
TRF,BEG
TRF,PSA
TRF,KTW
TRF,LUZ
TRF,OTP
TRF,GDN
TRF,SZZ
TRF,VNO
TRF,WAW
TRF,WRO
TRF,AGP
TRF,POZ
TRF,RIX
TRN,MUC
TRN,FRA
TRN,CDG
TRN,DUS
TRN,BRU
TRN,SUF
TRN,PMO
TRN,CTA
TRN,NAP
TRN,AHO
TRN,MAD
TRN,LGW
TRN,OLB
TRN,CAG
TRN,BCN
TRN,BDS
TRN,AMS
TRN,CRL
TRN,MLA
TRN,STN
TRN,TPS
TRN,ZRH
TRN,BRI
TRN,FCO
TRN,IAS
TRN,TIA
TRN,REG
TRS,VLC
TRS,AHO
TRS,NAP
TRS,LIN
TRS,CRL
TRS,FCO
TRS,STN
TRS,TPS
TRS,MUC
TRS,BRI
TRS,BVA
TSF,BRS
TSF,RYG
TSF,STN
TSF,SUF
TSF,TPS
TSF,BRI
TSF,VLC
TSF,BRE
TSF,BRU
TSF,BLL
TSF,NRN
TSF,BDS
TSF,BCN
TSF,BUD
TSF,AHO
TSF,BVA
TSF,CAG
TSF,CHQ
TSF,CRL
TSF,DUB
TSF,EIN
TSF,EMA
TSF,HHN
TSF,LBA
TSF,AGP
TSF,MLA
TSF,PMO
TSF,NYO
TSF,CTA
TSF,TSR
TSF,SKP
TSF,PRG
TSF,OTP
TSF,CLJ
TSF,LWO
TSF,IEV
TSF,KIV
TSR,VLC
TSR,MUC
TSR,MAD
TSR,TSF
TSR,LTN
TSR,OTP
TSR,BCN
TSR,BGY
TSR,BLQ
TSR,BVA
TSR,CIA
TSR,DTM
TUF,DUB
TUF,MRS
TUF,OPO
TUF,STN
TXL,ATH
TXL,AMS
TXL,ZAD
TXL,BRU
TXL,CDG
TXL,FDH
TXL,ZAG
TXL,VNO
TXL,KBP
TXL,VRN
TXL,VIE
TXL,SAW
TXL,SPU
TXL,PMO
TXL,PSA
TXL,UME
TXL,ADB
TXL,NTE
TXL,AGP
TXL,AOI
TXL,BHX
TXL,BIA
TXL,BLQ
TXL,CGN
TXL,CTA
TXL,DBV
TXL,FCO
TXL,FMM
TXL,HEL
TXL,HER
TXL,IBZ
TXL,FLR
TXL,KLU
TXL,LHR
TXL,LIN
TXL,NCE
TXL,PMI
TXL,PRN
TXL,MRS
TXL,SJJ
TXL,STR
TXL,NUE
TXL,BIO
TXL,GOT
TXL,MAD
TXL,KRK
TXL,KGS
TXL,GWT
TXL,GRZ
TXL,MLA
TXL,GDN
TXL,FRA
TXL,FNC
TXL,FKB
TXL,DUS
TXL,CPH
TXL,CFU
TXL,BUD
TXL,BRI
TXL,MAH
TXL,MUC
TXL,MXP
TXL,NAP
TXL,ZRH
TXL,WAW
TXL,VCE
TXL,SZG
TXL,SOF
TXL,SMI
TXL,PRG
TXL,BEG
TXL,SKG
TXL,RIX
TXL,RHO
TXL,OTP
TXL,OSL
TXL,BRN
TXL,ORY
TXL,OLB
TXL,SCN
TXL,BCN
TXL,LUX
TXL,AYT
TXL,ARN
TXL,ALC
TXL,MHG
TXL,EIN
TYF,TLL
TYF,HFS
TZL,GSE
TZL,MMX
TZX,SAW
TZX,ADA
TZX,ADB
TZX,ESB
TZX,AYT
UDJ,IEV
UIP,ORY
UKS,KBP
UME,BMA
UME,ALC
UME,ARN
UME,TXL
UME,LLA
UME,OSD
URE,TLL
VAA,HEL
VAA,ARN
VAN,ESB
VAN,SAW
VAN,ADA
VAR,LTN
VAR,VIE
VAR,BEG
VAR,BOJ
VAR,SOF
VAR,LUX
VAR,BRU
VAS,SAW
VAS,ADB
VAW,VDS
VAW,BJF
VAW,KKN
VBY,BMA
VBY,ARN
VBY,MMX
VBY,GSE
VCE,AMS
VCE,BSL
VCE,TXL
VCE,GVA
VCE,LTN
VCE,SEN
VCE,STR
VCE,NAP
VCE,BHX
VCE,SXF
VCE,EDI
VCE,LBA
VCE,MAN
VCE,RIX
VCE,NCL
VCE,KIV
VCE,EIN
VCE,CGN
VCE,BRU
VCE,FRA
VCE,ARN
VCE,BCN
VCE,OSL
VCE,HAM
VCE,DUS
VCE,HAJ
VCE,LIS
VCE,FCO
VCE,MUC
VCE,MAD
VCE,VIE
VCE,LCY
VCE,LYS
VCE,TIA
VCE,SUF
VCE,PRG
VCE,PMO
VCE,CTA
VCE,CPH
VCE,ATH
VCE,DBV
VCE,LHR
VCE,TLS
VCE,NCE
VCE,MRS
VCE,CDG
VCE,BRI
VCE,BOD
VCE,BIO
VCE,REG
VCE,LGW
VCE,ZRH
VCE,JTR
VCE,PNL
VCE,LIL
VCE,NTE
VCE,OLB
VCE,LMP
VCE,ORY
VCE,DUB
VDB,OSL
VDS,HFT
VDS,MEH
VDS,TOS
VDS,ALF
VDS,BJF
VDS,VAW
VDS,KKN
VGO,BCN
VGO,CDG
VGO,BIO
VGO,MAD
VHM,ARN
VHM,HMV
VIE,OLB
VIE,NUE
VIE,KRK
VIE,TXL
VIE,NCE
VIE,WAW
VIE,MSQ
VIE,MAD
VIE,KLX
VIE,MXP
VIE,RTM
VIE,MUC
VIE,MLA
VIE,HAJ
VIE,HAM
VIE,STR
VIE,LIS
VIE,LJU
VIE,CDG
VIE,KSC
VIE,LWO
VIE,CLJ
VIE,LNZ
VIE,MAN
VIE,DBV
VIE,DLM
VIE,AYT
VIE,DNK
VIE,GRZ
VIE,ZTH
VIE,ZRH
VIE,VOL
VIE,VLC
VIE,SZG
VIE,SKG
VIE,ESB
VIE,SAW
VIE,HRK
VIE,ACH
VIE,IAS
VIE,INN
VIE,LEJ
VIE,KBP
VIE,RHO
VIE,KIV
VIE,PVK
VIE,KLU
VIE,PMI
VIE,JTR
VIE,SUF
VIE,OTP
VIE,FRA
VIE,FNC
VIE,FLR
VIE,FCO
VIE,AMS
VIE,CTA
VIE,OSL
VIE,DUS
VIE,BLQ
VIE,ATH
VIE,HER
VIE,JMK
VIE,CPH
VIE,ADB
VIE,ODS
VIE,BRE
VIE,DUB
VIE,SOF
VIE,LUX
VIE,CHQ
VIE,AGP
VIE,CFU
VIE,ARN
VIE,BCN
VIE,BEG
VIE,BRU
VIE,BRN
VIE,LYS
VIE,PMO
VIE,PRG
VIE,PRN
VIE,SBZ
VIE,LIN
VIE,SJJ
VIE,SKP
VIE,SPU
VIE,RIX
VIE,LGW
VIE,TGD
VIE,HEL
VIE,TIA
VIE,NAP
VIE,LHR
VIE,BSL
VIE,BUD
VIE,VCE
VIE,VNO
VIE,ZAG
VIE,CGN
VIE,VAR
VIE,GVA
VLC,TSR
VLC,IEV
VLC,OTP
VLC,CLJ
VLC,LWO
VLC,SOF
VLC,LIS
VLC,PRG
VLC,BGY
VLC,DUS
VLC,NRN
VLC,AGP
VLC,MRS
VLC,MAN
VLC,MAH
VLC,BIO
VLC,ORY
VLC,NTE
VLC,IBZ
VLC,BVA
VLC,OVD
VLC,HHN
VLC,FCO
VLC,EMA
VLC,ZRH
VLC,DUB
VLC,CRL
VLC,BLQ
VLC,BRI
VLC,BRS
VLC,BRU
VLC,SVQ
VLC,AMS
VLC,LGW
VLC,RTM
VLC,TSF
VLC,TRS
VLC,MAD
VLC,GVA
VLC,EIN
VLC,STN
VLC,CDG
VLC,SDR
VLC,CIA
VLC,PSA
VLC,FRA
VLC,MUC
VLC,OPO
VLC,PMI
VLC,SCQ
VLC,VIE
VLL,PMI
VLL,BCN
VLY,CWL
VNO,TRF
VNO,SVG
VNO,FCO
VNO,EIN
VNO,DTM
VNO,BGO
VNO,AES
VNO,LTN
VNO,DSA
VNO,WAW
VNO,HER
VNO,IEV
VNO,HEL
VNO,STN
VNO,RYG
VNO,ORK
VNO,LPL
VNO,CDG
VNO,MUC
VNO,PRG
VNO,TLL
VNO,TXL
VNO,KBP
VNO,BGY
VNO,VIE
VNO,CPH
VNO,DUB
VNO,CRL
VNO,OSL
VNO,ARN
VNO,BRU
VNO,RIX
VNO,CIA
VNO,CHQ
VNO,BVA
VNO,BRE
VNO,MSQ
VNO,FRA
VNO,BCN
VOL,HHN
VOL,AMS
VOL,VIE
VOL,CRL
VRN,FCO
VRN,MAN
VRN,BRI
VRN,OLB
VRN,CDG
VRN,CTA
VRN,PMO
VRN,TIA
VRN,AMS
VRN,DUB
VRN,MUC
VRN,OTP
VRN,FRA
VRN,KIV
VRN,TXL
VRN,HAM
VRN,CGN
VRN,NAP
VRN,CAG
VRN,LGW
VST,STN
VST,ALC
VST,AGP
VXO,ARN
VXO,ALC
VXO,OSL
VXO,BMA
VXO,AMS
WAT,BHX
WAT,MAN
WAW,DUB
WAW,VNO
WAW,RZE
WAW,WRO
WAW,FCO
WAW,SZZ
WAW,PRG
WAW,POZ
WAW,OTP
WAW,ODS
WAW,ZRH
WAW,NCE
WAW,LIN
WAW,GDN
WAW,TLL
WAW,MSQ
WAW,GVA
WAW,FRA
WAW,BRU
WAW,ZAD
WAW,SPU
WAW,DBV
WAW,BUD
WAW,CPH
WAW,ARN
WAW,CDG
WAW,SVG
WAW,OSL
WAW,BCN
WAW,AGP
WAW,SOF
WAW,RIX
WAW,AMS
WAW,HEL
WAW,CGN
WAW,DUS
WAW,MXP
WAW,VIE
WAW,TXL
WAW,MUC
WAW,BGY
WAW,BVA
WAW,DSA
WAW,EIN
WAW,GLA
WAW,ATH
WAW,GSE
WAW,HRK
WAW,LPL
WAW,LTN
WAW,MMX
WAW,TRF
WAW,NYO
WAW,HAM
WAW,BEG
WAW,CRL
WAW,LHR
WAW,MAD
WAW,LIS
WAW,LWO
WAW,KBP
WAW,KRK
WAW,KTW
WAW,LJU
WIC,ABZ
WIC,EDI
WMI,SNN
WMI,ALC
WMI,WRO
WMI,BCN
WMI,RYG
WMI,PMI
WMI,EIN
WMI,PSA
WMI,PIK
WMI,SKG
WMI,STN
WMI,BLQ
WMI,BGY
WMI,MAN
WMI,LPL
WMI,TPS
WMI,GDN
WMI,EMA
WMI,BRS
WMI,BVA
WMI,CHQ
WMI,CIA
WMI,CRL
WMI,DUB
WMI,NYO
WMI,MRS
WRO,CDG
WRO,DSA
WRO,LTN
WRO,ZRH
WRO,CPH
WRO,GDN
WRO,BVA
WRO,AGP
WRO,FRA
WRO,TRF
WRO,ORK
WRO,PIK
WRO,RYG
WRO,BRU
WRO,SNN
WRO,STN
WRO,WAW
WRO,DUS
WRO,MLA
WRO,ALC
WRO,WMI
WRO,BGY
WRO,BRS
WRO,CHQ
WRO,CIA
WRO,MUC
WRO,EMA
WRO,GRO
WRO,LPL
WRO,BLQ
WRO,DUB
WRY,PPW
WRY,KOI
XCR,OPO
XFW,TLS
XRY,HHN
XRY,PMI
XRY,FRA
XRY,HAJ
XRY,STN
XRY,DUS
XRY,LUX
XRY,CGN
XRY,BCN
XRY,HAM
XRY,MAD
XRY,SXF
XRY,STR
XRY,MUC
XRY,AGP
ZAD,FDH
ZAD,FRA
ZAD,ZAG
ZAD,TXL
ZAD,STR
ZAD,DUS
ZAD,PUY
ZAD,WAW
ZAD,CGN
ZAD,MRS
ZAD,NYO
ZAD,NRN
ZAD,MAN
ZAD,HHN
ZAD,HAU
ZAD,GSE
ZAD,RYG
ZAD,DUB
ZAD,FKB
ZAD,BVA
ZAD,BLL
ZAD,STN
ZAD,MUC
ZAD,CRL
ZAG,RJK
ZAG,BWK
ZAG,SJJ
ZAG,PRN
ZAG,OSI
ZAG,DBV
ZAG,CGN
ZAG,STR
ZAG,SKP
ZAG,BRU
ZAG,BCN
ZAG,AMS
ZAG,LGW
ZAG,LHR
ZAG,ZRH
ZAG,ZAD
ZAG,SPU
ZAG,CPH
ZAG,CDG
ZAG,FRA
ZAG,MUC
ZAG,VIE
ZAG,TXL
ZAG,BLQ
ZAG,BUD
ZAZ,OTP
ZAZ,CLJ
ZAZ,STN
ZAZ,CRL
ZAZ,BVA
ZAZ,BGY
ZAZ,PMI
ZQW,PMI
ZQW,AYT
ZRH,SKP
ZRH,BDS
ZRH,BLL
ZRH,FRA
ZRH,LJU
ZRH,ADB
ZRH,PRN
ZRH,AYT
ZRH,BOD
ZRH,SZG
ZRH,TGD
ZRH,GRZ
ZRH,EBA
ZRH,DUB
ZRH,DRS
ZRH,FCO
ZRH,BRS
ZRH,BNX
ZRH,FLR
ZRH,ATH
ZRH,BHX
ZRH,BRU
ZRH,BUD
ZRH,CPH
ZRH,DBV
ZRH,ARN
ZRH,KBP
ZRH,LUX
ZRH,LYS
ZRH,MAN
ZRH,MXP
ZRH,NCE
ZRH,OPO
ZRH,LUG
ZRH,AGP
ZRH,BRE
ZRH,FMO
ZRH,HAJ
ZRH,MUC
ZRH,NUE
ZRH,STR
ZRH,WRO
ZRH,KRK
ZRH,GDN
ZRH,SAW
ZRH,JER
ZRH,CGN
ZRH,HAM
ZRH,LIS
ZRH,BEG
ZRH,BCN
ZRH,LHR
ZRH,WAW
ZRH,OTP
ZRH,OSL
ZRH,SPU
ZRH,HER
ZRH,IBZ
ZRH,PRG
ZRH,MAD
ZRH,NAP
ZRH,OLB
ZRH,HEL
ZRH,PMI
ZRH,TXL
ZRH,VIE
ZRH,CDG
ZRH,TRN
ZRH,LEJ
ZRH,GVA
ZRH,SUF
ZRH,GWT
ZRH,LCY
ZRH,DUS
ZRH,VCE
ZRH,VLC
ZRH,ZAG
ZRH,AMS
ZRH,FNC
ZRH,SOF
ZRH,MLA
ZRH,RIX
ZRH,CTA
ZRH,LGW
ZRH,ALC
ZRH,LTN
ZTH,LGW
ZTH,CRL
ZTH,LBA
ZTH,EFL
ZTH,MAN
ZTH,DUS
ZTH,AMS
ZTH,BRU
ZTH,ATH
ZTH,KIT
ZTH,MUC
ZTH,VIE
